pokemon_id,version_group_id,move_id,pokemon_move_method_id,level,order
1,1,33,1,1,1
1,1,45,1,1,2
1,1,73,1,7,
1,1,22,1,13,
1,1,77,1,20,
1,1,75,1,27,
1,1,74,1,34,
1,1,79,1,41,
1,1,76,1,48,
1,1,14,4,0,
1,1,15,4,0,
1,1,34,4,0,
1,1,36,4,0,
1,1,38,4,0,
1,1,72,4,0,
1,1,76,4,0,
1,1,92,4,0,
1,1,99,4,0,
1,1,102,4,0,
1,1,104,4,0,
1,1,115,4,0,
1,1,117,4,0,
1,1,156,4,0,
1,1,164,4,0,
2,1,33,1,1,1
2,1,45,1,1,2
2,1,73,1,1,3
2,1,73,1,7,
2,1,22,1,13,
2,1,77,1,22,
2,1,75,1,30,
2,1,74,1,38,
2,1,79,1,46,
2,1,76,1,54,
2,1,14,4,0,
2,1,15,4,0,
2,1,34,4,0,
2,1,36,4,0,
2,1,38,4,0,
2,1,72,4,0,
2,1,76,4,0,
2,1,92,4,0,
2,1,99,4,0,
2,1,102,4,0,
2,1,104,4,0,
2,1,115,4,0,
2,1,117,4,0,
2,1,156,4,0,
2,1,164,4,0,
3,1,22,1,1,4
3,1,33,1,1,1
3,1,45,1,1,2
3,1,73,1,1,3
3,1,73,1,7,
3,1,22,1,13,
3,1,77,1,22,
3,1,75,1,30,
3,1,74,1,43,
3,1,79,1,55,
3,1,76,1,65,
3,1,14,4,0,
3,1,15,4,0,
3,1,34,4,0,
3,1,36,4,0,
3,1,38,4,0,
3,1,63,4,0,
3,1,72,4,0,
3,1,76,4,0,
3,1,92,4,0,
3,1,99,4,0,
3,1,102,4,0,
3,1,104,4,0,
3,1,115,4,0,
3,1,117,4,0,
3,1,156,4,0,
3,1,164,4,0,
4,1,10,1,1,1
4,1,45,1,1,2
4,1,52,1,9,
4,1,43,1,15,
4,1,99,1,22,
4,1,163,1,30,
4,1,53,1,38,
4,1,83,1,46,
4,1,5,4,0,
4,1,14,4,0,
4,1,15,4,0,
4,1,25,4,0,
4,1,34,4,0,
4,1,36,4,0,
4,1,38,4,0,
4,1,66,4,0,
4,1,68,4,0,
4,1,69,4,0,
4,1,70,4,0,
4,1,82,4,0,
4,1,91,4,0,
4,1,92,4,0,
4,1,99,4,0,
4,1,102,4,0,
4,1,104,4,0,
4,1,115,4,0,
4,1,117,4,0,
4,1,126,4,0,
4,1,129,4,0,
4,1,130,4,0,
4,1,156,4,0,
4,1,164,4,0,
5,1,10,1,1,1
5,1,45,1,1,2
5,1,52,1,1,3
5,1,52,1,9,
5,1,43,1,15,
5,1,99,1,24,
5,1,163,1,33,
5,1,53,1,42,
5,1,83,1,56,
5,1,5,4,0,
5,1,14,4,0,
5,1,15,4,0,
5,1,25,4,0,
5,1,34,4,0,
5,1,36,4,0,
5,1,38,4,0,
5,1,66,4,0,
5,1,68,4,0,
5,1,69,4,0,
5,1,70,4,0,
5,1,82,4,0,
5,1,91,4,0,
5,1,92,4,0,
5,1,99,4,0,
5,1,102,4,0,
5,1,104,4,0,
5,1,115,4,0,
5,1,117,4,0,
5,1,126,4,0,
5,1,129,4,0,
5,1,130,4,0,
5,1,156,4,0,
5,1,164,4,0,
6,1,10,1,1,1
6,1,43,1,1,4
6,1,45,1,1,2
6,1,52,1,1,3
6,1,52,1,9,
6,1,43,1,15,
6,1,99,1,24,
6,1,163,1,36,
6,1,53,1,46,
6,1,83,1,55,
6,1,5,4,0,
6,1,14,4,0,
6,1,15,4,0,
6,1,25,4,0,
6,1,34,4,0,
6,1,36,4,0,
6,1,38,4,0,
6,1,63,4,0,
6,1,66,4,0,
6,1,68,4,0,
6,1,69,4,0,
6,1,70,4,0,
6,1,82,4,0,
6,1,89,4,0,
6,1,90,4,0,
6,1,91,4,0,
6,1,92,4,0,
6,1,99,4,0,
6,1,102,4,0,
6,1,104,4,0,
6,1,115,4,0,
6,1,117,4,0,
6,1,126,4,0,
6,1,129,4,0,
6,1,130,4,0,
6,1,156,4,0,
6,1,164,4,0,
7,1,33,1,1,1
7,1,39,1,1,2
7,1,145,1,8,
7,1,55,1,15,
7,1,44,1,22,
7,1,110,1,28,
7,1,130,1,35,
7,1,56,1,42,
7,1,5,4,0,
7,1,25,4,0,
7,1,34,4,0,
7,1,36,4,0,
7,1,38,4,0,
7,1,55,4,0,
7,1,57,4,0,
7,1,58,4,0,
7,1,59,4,0,
7,1,61,4,0,
7,1,66,4,0,
7,1,68,4,0,
7,1,69,4,0,
7,1,70,4,0,
7,1,91,4,0,
7,1,92,4,0,
7,1,99,4,0,
7,1,102,4,0,
7,1,104,4,0,
7,1,115,4,0,
7,1,117,4,0,
7,1,130,4,0,
7,1,156,4,0,
7,1,164,4,0,
8,1,33,1,1,1
8,1,39,1,1,2
8,1,145,1,1,3
8,1,145,1,8,
8,1,55,1,15,
8,1,44,1,24,
8,1,110,1,31,
8,1,130,1,39,
8,1,56,1,47,
8,1,5,4,0,
8,1,25,4,0,
8,1,34,4,0,
8,1,36,4,0,
8,1,38,4,0,
8,1,55,4,0,
8,1,57,4,0,
8,1,58,4,0,
8,1,59,4,0,
8,1,61,4,0,
8,1,66,4,0,
8,1,68,4,0,
8,1,69,4,0,
8,1,70,4,0,
8,1,91,4,0,
8,1,92,4,0,
8,1,99,4,0,
8,1,102,4,0,
8,1,104,4,0,
8,1,115,4,0,
8,1,117,4,0,
8,1,130,4,0,
8,1,156,4,0,
8,1,164,4,0,
9,1,33,1,1,1
9,1,39,1,1,2
9,1,55,1,1,4
9,1,145,1,1,3
9,1,145,1,8,
9,1,55,1,15,
9,1,44,1,24,
9,1,110,1,31,
9,1,130,1,42,
9,1,56,1,52,
9,1,5,4,0,
9,1,25,4,0,
9,1,34,4,0,
9,1,36,4,0,
9,1,38,4,0,
9,1,55,4,0,
9,1,57,4,0,
9,1,58,4,0,
9,1,59,4,0,
9,1,61,4,0,
9,1,63,4,0,
9,1,66,4,0,
9,1,68,4,0,
9,1,69,4,0,
9,1,70,4,0,
9,1,89,4,0,
9,1,90,4,0,
9,1,91,4,0,
9,1,92,4,0,
9,1,99,4,0,
9,1,102,4,0,
9,1,104,4,0,
9,1,115,4,0,
9,1,117,4,0,
9,1,130,4,0,
9,1,156,4,0,
9,1,164,4,0,
10,1,33,1,1,1
10,1,81,1,1,2
11,1,106,1,1,
12,1,93,1,1,
12,1,93,1,12,
12,1,77,1,15,
12,1,78,1,16,
12,1,79,1,17,
12,1,48,1,21,
12,1,18,1,26,
12,1,60,1,32,
12,1,13,4,0,
12,1,18,4,0,
12,1,36,4,0,
12,1,38,4,0,
12,1,63,4,0,
12,1,72,4,0,
12,1,76,4,0,
12,1,92,4,0,
12,1,94,4,0,
12,1,99,4,0,
12,1,100,4,0,
12,1,102,4,0,
12,1,104,4,0,
12,1,115,4,0,
12,1,117,4,0,
12,1,129,4,0,
12,1,149,4,0,
12,1,156,4,0,
12,1,164,4,0,
13,1,40,1,1,1
13,1,81,1,1,2
14,1,106,1,1,
15,1,31,1,1,
15,1,31,1,12,
15,1,116,1,16,
15,1,41,1,20,
15,1,99,1,25,
15,1,42,1,30,
15,1,97,1,35,
15,1,14,4,0,
15,1,15,4,0,
15,1,36,4,0,
15,1,38,4,0,
15,1,63,4,0,
15,1,72,4,0,
15,1,92,4,0,
15,1,99,4,0,
15,1,102,4,0,
15,1,104,4,0,
15,1,115,4,0,
15,1,117,4,0,
15,1,129,4,0,
15,1,130,4,0,
15,1,156,4,0,
15,1,164,4,0,
16,1,16,1,1,
16,1,28,1,5,
16,1,98,1,12,
16,1,18,1,19,
16,1,17,1,28,
16,1,97,1,36,
16,1,119,1,44,
16,1,13,4,0,
16,1,18,4,0,
16,1,19,4,0,
16,1,36,4,0,
16,1,38,4,0,
16,1,92,4,0,
16,1,99,4,0,
16,1,102,4,0,
16,1,104,4,0,
16,1,115,4,0,
16,1,117,4,0,
16,1,129,4,0,
16,1,143,4,0,
16,1,156,4,0,
16,1,164,4,0,
17,1,16,1,1,1
17,1,28,1,1,2
17,1,28,1,5,
17,1,98,1,12,
17,1,18,1,21,
17,1,17,1,31,
17,1,97,1,40,
17,1,119,1,49,
17,1,13,4,0,
17,1,18,4,0,
17,1,19,4,0,
17,1,36,4,0,
17,1,38,4,0,
17,1,92,4,0,
17,1,99,4,0,
17,1,102,4,0,
17,1,104,4,0,
17,1,115,4,0,
17,1,117,4,0,
17,1,129,4,0,
17,1,143,4,0,
17,1,156,4,0,
17,1,164,4,0,
18,1,16,1,1,1
18,1,28,1,1,2
18,1,98,1,1,3
18,1,28,1,5,
18,1,98,1,12,
18,1,18,1,21,
18,1,17,1,31,
18,1,97,1,44,
18,1,119,1,54,
18,1,13,4,0,
18,1,18,4,0,
18,1,19,4,0,
18,1,36,4,0,
18,1,38,4,0,
18,1,63,4,0,
18,1,92,4,0,
18,1,99,4,0,
18,1,102,4,0,
18,1,104,4,0,
18,1,115,4,0,
18,1,117,4,0,
18,1,129,4,0,
18,1,143,4,0,
18,1,156,4,0,
18,1,164,4,0,
19,1,33,1,1,1
19,1,39,1,1,2
19,1,98,1,7,
19,1,158,1,14,
19,1,116,1,23,
19,1,162,1,34,
19,1,34,4,0,
19,1,36,4,0,
19,1,38,4,0,
19,1,55,4,0,
19,1,59,4,0,
19,1,61,4,0,
19,1,85,4,0,
19,1,87,4,0,
19,1,91,4,0,
19,1,92,4,0,
19,1,99,4,0,
19,1,102,4,0,
19,1,104,4,0,
19,1,117,4,0,
19,1,129,4,0,
19,1,130,4,0,
19,1,156,4,0,
19,1,164,4,0,
20,1,33,1,1,1
20,1,39,1,1,2
20,1,98,1,1,3
20,1,98,1,7,
20,1,158,1,14,
20,1,116,1,27,
20,1,162,1,41,
20,1,34,4,0,
20,1,36,4,0,
20,1,38,4,0,
20,1,55,4,0,
20,1,58,4,0,
20,1,59,4,0,
20,1,61,4,0,
20,1,63,4,0,
20,1,85,4,0,
20,1,87,4,0,
20,1,91,4,0,
20,1,92,4,0,
20,1,99,4,0,
20,1,102,4,0,
20,1,104,4,0,
20,1,117,4,0,
20,1,129,4,0,
20,1,130,4,0,
20,1,156,4,0,
20,1,164,4,0,
21,1,45,1,1,2
21,1,64,1,1,1
21,1,43,1,9,
21,1,31,1,15,
21,1,119,1,22,
21,1,65,1,29,
21,1,97,1,36,
21,1,13,4,0,
21,1,18,4,0,
21,1,19,4,0,
21,1,36,4,0,
21,1,38,4,0,
21,1,92,4,0,
21,1,99,4,0,
21,1,102,4,0,
21,1,104,4,0,
21,1,117,4,0,
21,1,129,4,0,
21,1,143,4,0,
21,1,156,4,0,
21,1,164,4,0,
22,1,43,1,1,3
22,1,45,1,1,2
22,1,64,1,1,1
22,1,43,1,9,
22,1,31,1,15,
22,1,119,1,25,
22,1,65,1,34,
22,1,97,1,43,
22,1,13,4,0,
22,1,18,4,0,
22,1,19,4,0,
22,1,36,4,0,
22,1,38,4,0,
22,1,63,4,0,
22,1,92,4,0,
22,1,99,4,0,
22,1,102,4,0,
22,1,104,4,0,
22,1,117,4,0,
22,1,129,4,0,
22,1,143,4,0,
22,1,156,4,0,
22,1,164,4,0,
23,1,35,1,1,1
23,1,43,1,1,2
23,1,40,1,10,
23,1,44,1,17,
23,1,137,1,24,
23,1,103,1,31,
23,1,51,1,38,
23,1,34,4,0,
23,1,36,4,0,
23,1,38,4,0,
23,1,70,4,0,
23,1,72,4,0,
23,1,89,4,0,
23,1,90,4,0,
23,1,91,4,0,
23,1,92,4,0,
23,1,99,4,0,
23,1,102,4,0,
23,1,104,4,0,
23,1,117,4,0,
23,1,130,4,0,
23,1,156,4,0,
23,1,157,4,0,
23,1,164,4,0,
24,1,35,1,1,1
24,1,40,1,1,3
24,1,43,1,1,2
24,1,40,1,10,
24,1,44,1,17,
24,1,137,1,27,
24,1,103,1,36,
24,1,51,1,47,
24,1,34,4,0,
24,1,36,4,0,
24,1,38,4,0,
24,1,63,4,0,
24,1,70,4,0,
24,1,72,4,0,
24,1,89,4,0,
24,1,90,4,0,
24,1,91,4,0,
24,1,92,4,0,
24,1,99,4,0,
24,1,102,4,0,
24,1,104,4,0,
24,1,117,4,0,
24,1,130,4,0,
24,1,156,4,0,
24,1,157,4,0,
24,1,164,4,0,
25,1,45,1,1,2
25,1,84,1,1,1
25,1,86,1,9,
25,1,98,1,16,
25,1,129,1,26,
25,1,97,1,33,
25,1,87,1,43,
25,1,5,4,0,
25,1,6,4,0,
25,1,25,4,0,
25,1,34,4,0,
25,1,36,4,0,
25,1,38,4,0,
25,1,66,4,0,
25,1,69,4,0,
25,1,85,4,0,
25,1,86,4,0,
25,1,87,4,0,
25,1,92,4,0,
25,1,99,4,0,
25,1,102,4,0,
25,1,104,4,0,
25,1,115,4,0,
25,1,117,4,0,
25,1,129,4,0,
25,1,130,4,0,
25,1,148,4,0,
25,1,156,4,0,
25,1,164,4,0,
25,1,57,5,0,
26,1,45,1,1,2
26,1,84,1,1,1
26,1,86,1,1,3
26,1,5,4,0,
26,1,6,4,0,
26,1,25,4,0,
26,1,34,4,0,
26,1,36,4,0,
26,1,38,4,0,
26,1,63,4,0,
26,1,66,4,0,
26,1,69,4,0,
26,1,85,4,0,
26,1,86,4,0,
26,1,87,4,0,
26,1,92,4,0,
26,1,99,4,0,
26,1,102,4,0,
26,1,104,4,0,
26,1,115,4,0,
26,1,117,4,0,
26,1,129,4,0,
26,1,130,4,0,
26,1,148,4,0,
26,1,156,4,0,
26,1,164,4,0,
27,1,10,1,1,
27,1,28,1,10,
27,1,163,1,17,
27,1,40,1,24,
27,1,129,1,31,
27,1,154,1,38,
27,1,14,4,0,
27,1,15,4,0,
27,1,34,4,0,
27,1,36,4,0,
27,1,38,4,0,
27,1,66,4,0,
27,1,69,4,0,
27,1,70,4,0,
27,1,89,4,0,
27,1,90,4,0,
27,1,91,4,0,
27,1,92,4,0,
27,1,99,4,0,
27,1,102,4,0,
27,1,104,4,0,
27,1,117,4,0,
27,1,129,4,0,
27,1,130,4,0,
27,1,156,4,0,
27,1,157,4,0,
27,1,164,4,0,
28,1,10,1,1,1
28,1,28,1,1,2
28,1,28,1,10,
28,1,163,1,17,
28,1,40,1,27,
28,1,129,1,36,
28,1,154,1,47,
28,1,14,4,0,
28,1,15,4,0,
28,1,34,4,0,
28,1,36,4,0,
28,1,38,4,0,
28,1,63,4,0,
28,1,66,4,0,
28,1,69,4,0,
28,1,70,4,0,
28,1,89,4,0,
28,1,90,4,0,
28,1,91,4,0,
28,1,92,4,0,
28,1,99,4,0,
28,1,102,4,0,
28,1,104,4,0,
28,1,117,4,0,
28,1,129,4,0,
28,1,130,4,0,
28,1,156,4,0,
28,1,157,4,0,
28,1,164,4,0,
29,1,33,1,1,2
29,1,45,1,1,1
29,1,10,1,8,
29,1,40,1,14,
29,1,39,1,21,
29,1,44,1,29,
29,1,154,1,36,
29,1,24,1,43,
29,1,34,4,0,
29,1,36,4,0,
29,1,38,4,0,
29,1,59,4,0,
29,1,85,4,0,
29,1,87,4,0,
29,1,92,4,0,
29,1,99,4,0,
29,1,102,4,0,
29,1,104,4,0,
29,1,115,4,0,
29,1,117,4,0,
29,1,130,4,0,
29,1,156,4,0,
29,1,164,4,0,
30,1,10,1,1,3
30,1,33,1,1,2
30,1,45,1,1,1
30,1,10,1,8,
30,1,40,1,14,
30,1,39,1,23,
30,1,44,1,32,
30,1,154,1,41,
30,1,24,1,50,
30,1,32,4,0,
30,1,34,4,0,
30,1,36,4,0,
30,1,38,4,0,
30,1,55,4,0,
30,1,58,4,0,
30,1,59,4,0,
30,1,61,4,0,
30,1,85,4,0,
30,1,87,4,0,
30,1,92,4,0,
30,1,99,4,0,
30,1,102,4,0,
30,1,104,4,0,
30,1,115,4,0,
30,1,117,4,0,
30,1,130,4,0,
30,1,156,4,0,
30,1,164,4,0,
31,1,10,1,1,2
31,1,33,1,1,1
31,1,34,1,1,4
31,1,39,1,1,3
31,1,10,1,8,
31,1,40,1,14,
31,1,34,1,23,
31,1,5,4,0,
31,1,6,4,0,
31,1,25,4,0,
31,1,32,4,0,
31,1,34,4,0,
31,1,36,4,0,
31,1,38,4,0,
31,1,55,4,0,
31,1,57,4,0,
31,1,58,4,0,
31,1,59,4,0,
31,1,61,4,0,
31,1,63,4,0,
31,1,66,4,0,
31,1,68,4,0,
31,1,69,4,0,
31,1,70,4,0,
31,1,85,4,0,
31,1,87,4,0,
31,1,89,4,0,
31,1,90,4,0,
31,1,92,4,0,
31,1,99,4,0,
31,1,102,4,0,
31,1,104,4,0,
31,1,115,4,0,
31,1,117,4,0,
31,1,126,4,0,
31,1,130,4,0,
31,1,156,4,0,
31,1,157,4,0,
31,1,164,4,0,
32,1,33,1,1,2
32,1,43,1,1,1
32,1,30,1,8,
32,1,40,1,14,
32,1,116,1,21,
32,1,31,1,29,
32,1,32,1,36,
32,1,24,1,43,
32,1,32,4,0,
32,1,34,4,0,
32,1,36,4,0,
32,1,38,4,0,
32,1,59,4,0,
32,1,85,4,0,
32,1,87,4,0,
32,1,92,4,0,
32,1,99,4,0,
32,1,102,4,0,
32,1,104,4,0,
32,1,115,4,0,
32,1,117,4,0,
32,1,130,4,0,
32,1,156,4,0,
32,1,164,4,0,
33,1,30,1,1,3
33,1,33,1,1,2
33,1,43,1,1,1
33,1,30,1,8,
33,1,40,1,14,
33,1,116,1,23,
33,1,31,1,32,
33,1,32,1,41,
33,1,24,1,50,
33,1,32,4,0,
33,1,34,4,0,
33,1,36,4,0,
33,1,38,4,0,
33,1,55,4,0,
33,1,58,4,0,
33,1,59,4,0,
33,1,61,4,0,
33,1,85,4,0,
33,1,87,4,0,
33,1,92,4,0,
33,1,99,4,0,
33,1,102,4,0,
33,1,104,4,0,
33,1,115,4,0,
33,1,117,4,0,
33,1,130,4,0,
33,1,156,4,0,
33,1,164,4,0,
34,1,30,1,1,2
34,1,33,1,1,1
34,1,37,1,1,4
34,1,40,1,1,3
34,1,30,1,8,
34,1,40,1,14,
34,1,37,1,23,
34,1,5,4,0,
34,1,6,4,0,
34,1,25,4,0,
34,1,32,4,0,
34,1,34,4,0,
34,1,36,4,0,
34,1,38,4,0,
34,1,55,4,0,
34,1,57,4,0,
34,1,58,4,0,
34,1,59,4,0,
34,1,61,4,0,
34,1,63,4,0,
34,1,66,4,0,
34,1,68,4,0,
34,1,69,4,0,
34,1,70,4,0,
34,1,85,4,0,
34,1,87,4,0,
34,1,89,4,0,
34,1,90,4,0,
34,1,92,4,0,
34,1,99,4,0,
34,1,102,4,0,
34,1,104,4,0,
34,1,115,4,0,
34,1,117,4,0,
34,1,126,4,0,
34,1,130,4,0,
34,1,156,4,0,
34,1,157,4,0,
34,1,164,4,0,
35,1,1,1,1,1
35,1,45,1,1,2
35,1,47,1,13,
35,1,3,1,18,
35,1,107,1,24,
35,1,118,1,31,
35,1,111,1,39,
35,1,113,1,48,
35,1,5,4,0,
35,1,25,4,0,
35,1,34,4,0,
35,1,36,4,0,
35,1,38,4,0,
35,1,55,4,0,
35,1,58,4,0,
35,1,59,4,0,
35,1,61,4,0,
35,1,66,4,0,
35,1,68,4,0,
35,1,69,4,0,
35,1,70,4,0,
35,1,76,4,0,
35,1,85,4,0,
35,1,86,4,0,
35,1,87,4,0,
35,1,92,4,0,
35,1,94,4,0,
35,1,99,4,0,
35,1,100,4,0,
35,1,102,4,0,
35,1,104,4,0,
35,1,115,4,0,
35,1,117,4,0,
35,1,118,4,0,
35,1,126,4,0,
35,1,130,4,0,
35,1,148,4,0,
35,1,149,4,0,
35,1,156,4,0,
35,1,161,4,0,
35,1,164,4,0,
36,1,3,1,1,2
36,1,47,1,1,1
36,1,107,1,1,3
36,1,118,1,1,4
36,1,5,4,0,
36,1,25,4,0,
36,1,34,4,0,
36,1,36,4,0,
36,1,38,4,0,
36,1,55,4,0,
36,1,58,4,0,
36,1,59,4,0,
36,1,61,4,0,
36,1,63,4,0,
36,1,66,4,0,
36,1,68,4,0,
36,1,69,4,0,
36,1,70,4,0,
36,1,76,4,0,
36,1,85,4,0,
36,1,86,4,0,
36,1,87,4,0,
36,1,92,4,0,
36,1,94,4,0,
36,1,99,4,0,
36,1,100,4,0,
36,1,102,4,0,
36,1,104,4,0,
36,1,115,4,0,
36,1,117,4,0,
36,1,118,4,0,
36,1,126,4,0,
36,1,130,4,0,
36,1,148,4,0,
36,1,149,4,0,
36,1,156,4,0,
36,1,161,4,0,
36,1,164,4,0,
37,1,39,1,1,2
37,1,52,1,1,1
37,1,98,1,16,
37,1,46,1,21,
37,1,109,1,28,
37,1,53,1,35,
37,1,83,1,42,
37,1,34,4,0,
37,1,36,4,0,
37,1,38,4,0,
37,1,91,4,0,
37,1,92,4,0,
37,1,99,4,0,
37,1,102,4,0,
37,1,104,4,0,
37,1,115,4,0,
37,1,117,4,0,
37,1,126,4,0,
37,1,129,4,0,
37,1,130,4,0,
37,1,156,4,0,
37,1,164,4,0,
38,1,39,1,1,2
38,1,46,1,1,4
38,1,52,1,1,1
38,1,98,1,1,3
38,1,34,4,0,
38,1,36,4,0,
38,1,38,4,0,
38,1,63,4,0,
38,1,91,4,0,
38,1,92,4,0,
38,1,99,4,0,
38,1,102,4,0,
38,1,104,4,0,
38,1,115,4,0,
38,1,117,4,0,
38,1,126,4,0,
38,1,129,4,0,
38,1,130,4,0,
38,1,156,4,0,
38,1,164,4,0,
39,1,47,1,1,
39,1,1,1,9,
39,1,50,1,14,
39,1,111,1,19,
39,1,3,1,24,
39,1,156,1,29,
39,1,34,1,34,
39,1,38,1,39,
39,1,5,4,0,
39,1,25,4,0,
39,1,34,4,0,
39,1,36,4,0,
39,1,38,4,0,
39,1,55,4,0,
39,1,58,4,0,
39,1,59,4,0,
39,1,61,4,0,
39,1,66,4,0,
39,1,68,4,0,
39,1,69,4,0,
39,1,70,4,0,
39,1,76,4,0,
39,1,85,4,0,
39,1,86,4,0,
39,1,87,4,0,
39,1,92,4,0,
39,1,94,4,0,
39,1,99,4,0,
39,1,100,4,0,
39,1,102,4,0,
39,1,104,4,0,
39,1,115,4,0,
39,1,117,4,0,
39,1,126,4,0,
39,1,130,4,0,
39,1,148,4,0,
39,1,149,4,0,
39,1,156,4,0,
39,1,161,4,0,
39,1,164,4,0,
40,1,3,1,1,4
40,1,47,1,1,1
40,1,50,1,1,2
40,1,111,1,1,3
40,1,5,4,0,
40,1,25,4,0,
40,1,34,4,0,
40,1,36,4,0,
40,1,38,4,0,
40,1,55,4,0,
40,1,58,4,0,
40,1,59,4,0,
40,1,61,4,0,
40,1,63,4,0,
40,1,66,4,0,
40,1,68,4,0,
40,1,69,4,0,
40,1,70,4,0,
40,1,76,4,0,
40,1,85,4,0,
40,1,86,4,0,
40,1,87,4,0,
40,1,92,4,0,
40,1,94,4,0,
40,1,99,4,0,
40,1,100,4,0,
40,1,102,4,0,
40,1,104,4,0,
40,1,115,4,0,
40,1,117,4,0,
40,1,126,4,0,
40,1,130,4,0,
40,1,148,4,0,
40,1,149,4,0,
40,1,156,4,0,
40,1,161,4,0,
40,1,164,4,0,
41,1,141,1,1,
41,1,48,1,10,
41,1,44,1,15,
41,1,109,1,21,
41,1,17,1,28,
41,1,114,1,36,
41,1,13,4,0,
41,1,18,4,0,
41,1,36,4,0,
41,1,38,4,0,
41,1,72,4,0,
41,1,92,4,0,
41,1,99,4,0,
41,1,102,4,0,
41,1,104,4,0,
41,1,117,4,0,
41,1,129,4,0,
41,1,156,4,0,
41,1,164,4,0,
42,1,44,1,1,3
42,1,103,1,1,2
42,1,141,1,1,1
42,1,48,1,10,
42,1,44,1,15,
42,1,109,1,21,
42,1,17,1,32,
42,1,114,1,43,
42,1,13,4,0,
42,1,18,4,0,
42,1,36,4,0,
42,1,38,4,0,
42,1,63,4,0,
42,1,72,4,0,
42,1,92,4,0,
42,1,99,4,0,
42,1,102,4,0,
42,1,104,4,0,
42,1,117,4,0,
42,1,129,4,0,
42,1,156,4,0,
42,1,164,4,0,
43,1,71,1,1,
43,1,77,1,15,
43,1,78,1,17,
43,1,79,1,19,
43,1,51,1,24,
43,1,80,1,33,
43,1,76,1,46,
43,1,14,4,0,
43,1,15,4,0,
43,1,36,4,0,
43,1,38,4,0,
43,1,72,4,0,
43,1,76,4,0,
43,1,92,4,0,
43,1,99,4,0,
43,1,102,4,0,
43,1,104,4,0,
43,1,115,4,0,
43,1,117,4,0,
43,1,156,4,0,
43,1,164,4,0,
44,1,71,1,1,1
44,1,77,1,1,2
44,1,78,1,1,3
44,1,77,1,15,
44,1,78,1,17,
44,1,79,1,19,
44,1,51,1,28,
44,1,80,1,38,
44,1,76,1,52,
44,1,14,4,0,
44,1,15,4,0,
44,1,36,4,0,
44,1,38,4,0,
44,1,72,4,0,
44,1,76,4,0,
44,1,92,4,0,
44,1,99,4,0,
44,1,102,4,0,
44,1,104,4,0,
44,1,115,4,0,
44,1,117,4,0,
44,1,156,4,0,
44,1,164,4,0,
45,1,51,1,1,3
45,1,78,1,1,1
45,1,79,1,1,2
45,1,80,1,1,4
45,1,77,1,15,
45,1,78,1,17,
45,1,79,1,19,
45,1,14,4,0,
45,1,15,4,0,
45,1,34,4,0,
45,1,36,4,0,
45,1,38,4,0,
45,1,63,4,0,
45,1,72,4,0,
45,1,76,4,0,
45,1,92,4,0,
45,1,99,4,0,
45,1,102,4,0,
45,1,104,4,0,
45,1,115,4,0,
45,1,117,4,0,
45,1,156,4,0,
45,1,164,4,0,
46,1,10,1,1,
46,1,78,1,13,
46,1,141,1,20,
46,1,147,1,27,
46,1,163,1,34,
46,1,74,1,41,
46,1,14,4,0,
46,1,15,4,0,
46,1,34,4,0,
46,1,36,4,0,
46,1,38,4,0,
46,1,72,4,0,
46,1,76,4,0,
46,1,91,4,0,
46,1,92,4,0,
46,1,99,4,0,
46,1,102,4,0,
46,1,104,4,0,
46,1,115,4,0,
46,1,117,4,0,
46,1,130,4,0,
46,1,156,4,0,
46,1,164,4,0,
47,1,10,1,1,1
47,1,78,1,1,2
47,1,141,1,1,3
47,1,78,1,13,
47,1,141,1,20,
47,1,147,1,30,
47,1,163,1,39,
47,1,74,1,48,
47,1,14,4,0,
47,1,15,4,0,
47,1,34,4,0,
47,1,36,4,0,
47,1,38,4,0,
47,1,63,4,0,
47,1,72,4,0,
47,1,76,4,0,
47,1,91,4,0,
47,1,92,4,0,
47,1,99,4,0,
47,1,102,4,0,
47,1,104,4,0,
47,1,115,4,0,
47,1,117,4,0,
47,1,130,4,0,
47,1,156,4,0,
47,1,164,4,0,
48,1,33,1,1,1
48,1,50,1,1,2
48,1,77,1,24,
48,1,141,1,27,
48,1,78,1,30,
48,1,60,1,35,
48,1,79,1,38,
48,1,94,1,43,
48,1,36,4,0,
48,1,38,4,0,
48,1,72,4,0,
48,1,76,4,0,
48,1,92,4,0,
48,1,94,4,0,
48,1,99,4,0,
48,1,102,4,0,
48,1,104,4,0,
48,1,115,4,0,
48,1,117,4,0,
48,1,149,4,0,
48,1,156,4,0,
48,1,164,4,0,
49,1,33,1,1,1
49,1,50,1,1,2
49,1,77,1,1,3
49,1,141,1,1,4
49,1,77,1,24,
49,1,141,1,27,
49,1,78,1,30,
49,1,60,1,38,
49,1,79,1,43,
49,1,94,1,50,
49,1,13,4,0,
49,1,18,4,0,
49,1,36,4,0,
49,1,38,4,0,
49,1,63,4,0,
49,1,72,4,0,
49,1,76,4,0,
49,1,92,4,0,
49,1,94,4,0,
49,1,99,4,0,
49,1,100,4,0,
49,1,102,4,0,
49,1,104,4,0,
49,1,115,4,0,
49,1,117,4,0,
49,1,129,4,0,
49,1,149,4,0,
49,1,156,4,0,
49,1,164,4,0,
50,1,10,1,1,
50,1,45,1,15,
50,1,91,1,19,
50,1,28,1,24,
50,1,163,1,31,
50,1,89,1,40,
50,1,34,4,0,
50,1,36,4,0,
50,1,38,4,0,
50,1,89,4,0,
50,1,90,4,0,
50,1,91,4,0,
50,1,92,4,0,
50,1,99,4,0,
50,1,102,4,0,
50,1,104,4,0,
50,1,117,4,0,
50,1,156,4,0,
50,1,157,4,0,
50,1,164,4,0,
51,1,10,1,1,1
51,1,45,1,1,2
51,1,91,1,1,3
51,1,45,1,15,
51,1,91,1,19,
51,1,28,1,24,
51,1,163,1,35,
51,1,89,1,47,
51,1,34,4,0,
51,1,36,4,0,
51,1,38,4,0,
51,1,63,4,0,
51,1,89,4,0,
51,1,90,4,0,
51,1,91,4,0,
51,1,92,4,0,
51,1,99,4,0,
51,1,102,4,0,
51,1,104,4,0,
51,1,117,4,0,
51,1,156,4,0,
51,1,157,4,0,
51,1,164,4,0,
52,1,10,1,1,1
52,1,45,1,1,2
52,1,44,1,12,
52,1,6,1,17,
52,1,103,1,24,
52,1,154,1,33,
52,1,163,1,44,
52,1,6,4,0,
52,1,34,4,0,
52,1,36,4,0,
52,1,38,4,0,
52,1,55,4,0,
52,1,61,4,0,
52,1,85,4,0,
52,1,87,4,0,
52,1,92,4,0,
52,1,99,4,0,
52,1,102,4,0,
52,1,104,4,0,
52,1,117,4,0,
52,1,129,4,0,
52,1,130,4,0,
52,1,156,4,0,
52,1,164,4,0,
53,1,10,1,1,1
53,1,44,1,1,3
53,1,45,1,1,2
53,1,103,1,1,4
53,1,44,1,12,
53,1,6,1,17,
53,1,103,1,24,
53,1,154,1,37,
53,1,163,1,51,
53,1,6,4,0,
53,1,34,4,0,
53,1,36,4,0,
53,1,38,4,0,
53,1,55,4,0,
53,1,61,4,0,
53,1,63,4,0,
53,1,85,4,0,
53,1,87,4,0,
53,1,92,4,0,
53,1,99,4,0,
53,1,102,4,0,
53,1,104,4,0,
53,1,117,4,0,
53,1,129,4,0,
53,1,130,4,0,
53,1,156,4,0,
53,1,164,4,0,
54,1,10,1,1,
54,1,39,1,28,
54,1,50,1,31,
54,1,93,1,36,
54,1,154,1,43,
54,1,56,1,52,
54,1,5,4,0,
54,1,6,4,0,
54,1,25,4,0,
54,1,34,4,0,
54,1,36,4,0,
54,1,38,4,0,
54,1,55,4,0,
54,1,57,4,0,
54,1,58,4,0,
54,1,59,4,0,
54,1,61,4,0,
54,1,66,4,0,
54,1,68,4,0,
54,1,69,4,0,
54,1,70,4,0,
54,1,91,4,0,
54,1,92,4,0,
54,1,99,4,0,
54,1,102,4,0,
54,1,104,4,0,
54,1,117,4,0,
54,1,129,4,0,
54,1,130,4,0,
54,1,156,4,0,
54,1,164,4,0,
55,1,10,1,1,1
55,1,39,1,1,2
55,1,50,1,1,3
55,1,39,1,28,
55,1,50,1,31,
55,1,93,1,39,
55,1,154,1,48,
55,1,56,1,59,
55,1,5,4,0,
55,1,6,4,0,
55,1,25,4,0,
55,1,34,4,0,
55,1,36,4,0,
55,1,38,4,0,
55,1,55,4,0,
55,1,57,4,0,
55,1,58,4,0,
55,1,59,4,0,
55,1,61,4,0,
55,1,63,4,0,
55,1,66,4,0,
55,1,68,4,0,
55,1,69,4,0,
55,1,70,4,0,
55,1,91,4,0,
55,1,92,4,0,
55,1,99,4,0,
55,1,102,4,0,
55,1,104,4,0,
55,1,117,4,0,
55,1,129,4,0,
55,1,130,4,0,
55,1,156,4,0,
55,1,164,4,0,
56,1,10,1,1,1
56,1,43,1,1,2
56,1,2,1,15,
56,1,154,1,21,
56,1,116,1,27,
56,1,69,1,33,
56,1,37,1,39,
56,1,5,4,0,
56,1,6,4,0,
56,1,25,4,0,
56,1,34,4,0,
56,1,36,4,0,
56,1,38,4,0,
56,1,66,4,0,
56,1,68,4,0,
56,1,69,4,0,
56,1,70,4,0,
56,1,85,4,0,
56,1,87,4,0,
56,1,91,4,0,
56,1,92,4,0,
56,1,99,4,0,
56,1,102,4,0,
56,1,104,4,0,
56,1,117,4,0,
56,1,118,4,0,
56,1,129,4,0,
56,1,130,4,0,
56,1,156,4,0,
56,1,157,4,0,
56,1,164,4,0,
57,1,2,1,1,3
57,1,10,1,1,1
57,1,43,1,1,2
57,1,154,1,1,4
57,1,2,1,15,
57,1,154,1,21,
57,1,116,1,27,
57,1,69,1,37,
57,1,37,1,46,
57,1,5,4,0,
57,1,6,4,0,
57,1,25,4,0,
57,1,34,4,0,
57,1,36,4,0,
57,1,38,4,0,
57,1,63,4,0,
57,1,66,4,0,
57,1,68,4,0,
57,1,69,4,0,
57,1,70,4,0,
57,1,85,4,0,
57,1,87,4,0,
57,1,91,4,0,
57,1,92,4,0,
57,1,99,4,0,
57,1,102,4,0,
57,1,104,4,0,
57,1,117,4,0,
57,1,118,4,0,
57,1,129,4,0,
57,1,130,4,0,
57,1,156,4,0,
57,1,157,4,0,
57,1,164,4,0,
58,1,44,1,1,1
58,1,46,1,1,2
58,1,52,1,18,
58,1,43,1,23,
58,1,36,1,30,
58,1,97,1,39,
58,1,53,1,50,
58,1,34,4,0,
58,1,36,4,0,
58,1,38,4,0,
58,1,82,4,0,
58,1,91,4,0,
58,1,92,4,0,
58,1,99,4,0,
58,1,102,4,0,
58,1,104,4,0,
58,1,115,4,0,
58,1,117,4,0,
58,1,126,4,0,
58,1,129,4,0,
58,1,130,4,0,
58,1,156,4,0,
58,1,164,4,0,
59,1,36,1,1,4
59,1,43,1,1,3
59,1,46,1,1,1
59,1,52,1,1,2
59,1,34,4,0,
59,1,36,4,0,
59,1,38,4,0,
59,1,63,4,0,
59,1,82,4,0,
59,1,91,4,0,
59,1,92,4,0,
59,1,99,4,0,
59,1,100,4,0,
59,1,102,4,0,
59,1,104,4,0,
59,1,115,4,0,
59,1,117,4,0,
59,1,126,4,0,
59,1,129,4,0,
59,1,130,4,0,
59,1,156,4,0,
59,1,164,4,0,
60,1,145,1,1,
60,1,95,1,16,
60,1,55,1,19,
60,1,3,1,25,
60,1,34,1,31,
60,1,133,1,38,
60,1,56,1,45,
60,1,34,4,0,
60,1,36,4,0,
60,1,38,4,0,
60,1,55,4,0,
60,1,57,4,0,
60,1,58,4,0,
60,1,59,4,0,
60,1,61,4,0,
60,1,92,4,0,
60,1,94,4,0,
60,1,99,4,0,
60,1,102,4,0,
60,1,104,4,0,
60,1,117,4,0,
60,1,130,4,0,
60,1,149,4,0,
60,1,156,4,0,
60,1,164,4,0,
61,1,55,1,1,3
61,1,95,1,1,2
61,1,145,1,1,1
61,1,95,1,16,
61,1,55,1,19,
61,1,3,1,26,
61,1,34,1,33,
61,1,133,1,41,
61,1,56,1,49,
61,1,5,4,0,
61,1,25,4,0,
61,1,34,4,0,
61,1,36,4,0,
61,1,38,4,0,
61,1,55,4,0,
61,1,57,4,0,
61,1,58,4,0,
61,1,59,4,0,
61,1,61,4,0,
61,1,66,4,0,
61,1,68,4,0,
61,1,69,4,0,
61,1,70,4,0,
61,1,89,4,0,
61,1,90,4,0,
61,1,92,4,0,
61,1,94,4,0,
61,1,99,4,0,
61,1,102,4,0,
61,1,104,4,0,
61,1,117,4,0,
61,1,118,4,0,
61,1,130,4,0,
61,1,149,4,0,
61,1,156,4,0,
61,1,164,4,0,
62,1,3,1,1,3
62,1,34,1,1,4
62,1,55,1,1,2
62,1,95,1,1,1
62,1,95,1,16,
62,1,55,1,19,
62,1,5,4,0,
62,1,25,4,0,
62,1,34,4,0,
62,1,36,4,0,
62,1,38,4,0,
62,1,55,4,0,
62,1,57,4,0,
62,1,58,4,0,
62,1,59,4,0,
62,1,61,4,0,
62,1,63,4,0,
62,1,66,4,0,
62,1,68,4,0,
62,1,69,4,0,
62,1,70,4,0,
62,1,89,4,0,
62,1,90,4,0,
62,1,92,4,0,
62,1,94,4,0,
62,1,99,4,0,
62,1,102,4,0,
62,1,104,4,0,
62,1,117,4,0,
62,1,118,4,0,
62,1,130,4,0,
62,1,149,4,0,
62,1,156,4,0,
62,1,164,4,0,
63,1,100,1,1,
63,1,5,4,0,
63,1,25,4,0,
63,1,34,4,0,
63,1,36,4,0,
63,1,38,4,0,
63,1,66,4,0,
63,1,68,4,0,
63,1,69,4,0,
63,1,86,4,0,
63,1,92,4,0,
63,1,94,4,0,
63,1,99,4,0,
63,1,100,4,0,
63,1,102,4,0,
63,1,104,4,0,
63,1,115,4,0,
63,1,117,4,0,
63,1,118,4,0,
63,1,130,4,0,
63,1,148,4,0,
63,1,149,4,0,
63,1,156,4,0,
63,1,161,4,0,
63,1,164,4,0,
64,1,50,1,1,3
64,1,93,1,1,2
64,1,100,1,1,1
64,1,93,1,16,
64,1,50,1,20,
64,1,60,1,27,
64,1,105,1,31,
64,1,94,1,38,
64,1,115,1,42,
64,1,5,4,0,
64,1,25,4,0,
64,1,34,4,0,
64,1,36,4,0,
64,1,38,4,0,
64,1,66,4,0,
64,1,68,4,0,
64,1,69,4,0,
64,1,86,4,0,
64,1,91,4,0,
64,1,92,4,0,
64,1,94,4,0,
64,1,99,4,0,
64,1,100,4,0,
64,1,102,4,0,
64,1,104,4,0,
64,1,115,4,0,
64,1,117,4,0,
64,1,118,4,0,
64,1,130,4,0,
64,1,148,4,0,
64,1,149,4,0,
64,1,156,4,0,
64,1,161,4,0,
64,1,164,4,0,
65,1,50,1,1,3
65,1,93,1,1,2
65,1,100,1,1,1
65,1,93,1,16,
65,1,50,1,20,
65,1,60,1,27,
65,1,105,1,31,
65,1,94,1,38,
65,1,115,1,42,
65,1,5,4,0,
65,1,25,4,0,
65,1,34,4,0,
65,1,36,4,0,
65,1,38,4,0,
65,1,63,4,0,
65,1,66,4,0,
65,1,68,4,0,
65,1,69,4,0,
65,1,86,4,0,
65,1,91,4,0,
65,1,92,4,0,
65,1,94,4,0,
65,1,99,4,0,
65,1,100,4,0,
65,1,102,4,0,
65,1,104,4,0,
65,1,115,4,0,
65,1,117,4,0,
65,1,118,4,0,
65,1,130,4,0,
65,1,148,4,0,
65,1,149,4,0,
65,1,156,4,0,
65,1,161,4,0,
65,1,164,4,0,
66,1,2,1,1,
66,1,67,1,20,
66,1,43,1,25,
66,1,116,1,32,
66,1,69,1,39,
66,1,66,1,46,
66,1,5,4,0,
66,1,25,4,0,
66,1,34,4,0,
66,1,36,4,0,
66,1,38,4,0,
66,1,66,4,0,
66,1,68,4,0,
66,1,69,4,0,
66,1,70,4,0,
66,1,89,4,0,
66,1,90,4,0,
66,1,91,4,0,
66,1,92,4,0,
66,1,99,4,0,
66,1,102,4,0,
66,1,104,4,0,
66,1,117,4,0,
66,1,118,4,0,
66,1,126,4,0,
66,1,130,4,0,
66,1,156,4,0,
66,1,157,4,0,
66,1,164,4,0,
67,1,2,1,1,1
67,1,43,1,1,3
67,1,67,1,1,2
67,1,67,1,20,
67,1,43,1,25,
67,1,116,1,36,
67,1,69,1,44,
67,1,66,1,52,
67,1,5,4,0,
67,1,25,4,0,
67,1,34,4,0,
67,1,36,4,0,
67,1,38,4,0,
67,1,66,4,0,
67,1,68,4,0,
67,1,69,4,0,
67,1,70,4,0,
67,1,89,4,0,
67,1,90,4,0,
67,1,91,4,0,
67,1,92,4,0,
67,1,99,4,0,
67,1,102,4,0,
67,1,104,4,0,
67,1,117,4,0,
67,1,118,4,0,
67,1,126,4,0,
67,1,130,4,0,
67,1,156,4,0,
67,1,157,4,0,
67,1,164,4,0,
68,1,2,1,1,1
68,1,43,1,1,3
68,1,67,1,1,2
68,1,67,1,20,
68,1,43,1,25,
68,1,116,1,36,
68,1,69,1,44,
68,1,66,1,52,
68,1,5,4,0,
68,1,25,4,0,
68,1,34,4,0,
68,1,36,4,0,
68,1,38,4,0,
68,1,63,4,0,
68,1,66,4,0,
68,1,68,4,0,
68,1,69,4,0,
68,1,70,4,0,
68,1,89,4,0,
68,1,90,4,0,
68,1,91,4,0,
68,1,92,4,0,
68,1,99,4,0,
68,1,102,4,0,
68,1,104,4,0,
68,1,117,4,0,
68,1,118,4,0,
68,1,126,4,0,
68,1,130,4,0,
68,1,156,4,0,
68,1,157,4,0,
68,1,164,4,0,
69,1,22,1,1,1
69,1,74,1,1,2
69,1,35,1,13,
69,1,77,1,15,
69,1,79,1,18,
69,1,78,1,21,
69,1,51,1,26,
69,1,75,1,33,
69,1,21,1,42,
69,1,14,4,0,
69,1,15,4,0,
69,1,36,4,0,
69,1,38,4,0,
69,1,72,4,0,
69,1,76,4,0,
69,1,92,4,0,
69,1,99,4,0,
69,1,102,4,0,
69,1,104,4,0,
69,1,115,4,0,
69,1,117,4,0,
69,1,156,4,0,
69,1,164,4,0,
70,1,22,1,1,1
70,1,35,1,1,3
70,1,74,1,1,2
70,1,35,1,13,
70,1,77,1,15,
70,1,79,1,18,
70,1,78,1,23,
70,1,51,1,29,
70,1,75,1,38,
70,1,21,1,49,
70,1,14,4,0,
70,1,15,4,0,
70,1,36,4,0,
70,1,38,4,0,
70,1,72,4,0,
70,1,76,4,0,
70,1,92,4,0,
70,1,99,4,0,
70,1,102,4,0,
70,1,104,4,0,
70,1,115,4,0,
70,1,117,4,0,
70,1,156,4,0,
70,1,164,4,0,
71,1,51,1,1,3
71,1,75,1,1,4
71,1,78,1,1,2
71,1,79,1,1,1
71,1,35,1,13,
71,1,77,1,15,
71,1,79,1,18,
71,1,14,4,0,
71,1,15,4,0,
71,1,34,4,0,
71,1,36,4,0,
71,1,38,4,0,
71,1,63,4,0,
71,1,72,4,0,
71,1,76,4,0,
71,1,92,4,0,
71,1,99,4,0,
71,1,102,4,0,
71,1,104,4,0,
71,1,115,4,0,
71,1,117,4,0,
71,1,156,4,0,
71,1,164,4,0,
72,1,51,1,1,
72,1,48,1,7,
72,1,35,1,13,
72,1,40,1,18,
72,1,55,1,22,
72,1,132,1,27,
72,1,112,1,33,
72,1,103,1,40,
72,1,56,1,48,
72,1,14,4,0,
72,1,15,4,0,
72,1,36,4,0,
72,1,38,4,0,
72,1,55,4,0,
72,1,57,4,0,
72,1,58,4,0,
72,1,59,4,0,
72,1,61,4,0,
72,1,72,4,0,
72,1,92,4,0,
72,1,99,4,0,
72,1,102,4,0,
72,1,104,4,0,
72,1,115,4,0,
72,1,117,4,0,
72,1,130,4,0,
72,1,156,4,0,
72,1,164,4,0,
73,1,35,1,1,3
73,1,48,1,1,2
73,1,51,1,1,1
73,1,48,1,7,
73,1,35,1,13,
73,1,40,1,18,
73,1,55,1,22,
73,1,132,1,27,
73,1,112,1,35,
73,1,103,1,43,
73,1,56,1,50,
73,1,14,4,0,
73,1,15,4,0,
73,1,36,4,0,
73,1,38,4,0,
73,1,55,4,0,
73,1,57,4,0,
73,1,58,4,0,
73,1,59,4,0,
73,1,61,4,0,
73,1,63,4,0,
73,1,72,4,0,
73,1,92,4,0,
73,1,99,4,0,
73,1,102,4,0,
73,1,104,4,0,
73,1,115,4,0,
73,1,117,4,0,
73,1,130,4,0,
73,1,156,4,0,
73,1,164,4,0,
74,1,33,1,1,
74,1,111,1,11,
74,1,88,1,16,
74,1,120,1,21,
74,1,106,1,26,
74,1,89,1,31,
74,1,153,1,36,
74,1,5,4,0,
74,1,34,4,0,
74,1,36,4,0,
74,1,38,4,0,
74,1,66,4,0,
74,1,68,4,0,
74,1,69,4,0,
74,1,70,4,0,
74,1,89,4,0,
74,1,90,4,0,
74,1,91,4,0,
74,1,92,4,0,
74,1,99,4,0,
74,1,102,4,0,
74,1,104,4,0,
74,1,117,4,0,
74,1,118,4,0,
74,1,120,4,0,
74,1,126,4,0,
74,1,153,4,0,
74,1,156,4,0,
74,1,157,4,0,
74,1,164,4,0,
75,1,33,1,1,1
75,1,111,1,1,2
75,1,111,1,11,
75,1,88,1,16,
75,1,120,1,21,
75,1,106,1,29,
75,1,89,1,36,
75,1,153,1,43,
75,1,5,4,0,
75,1,34,4,0,
75,1,36,4,0,
75,1,38,4,0,
75,1,66,4,0,
75,1,68,4,0,
75,1,69,4,0,
75,1,70,4,0,
75,1,89,4,0,
75,1,90,4,0,
75,1,91,4,0,
75,1,92,4,0,
75,1,99,4,0,
75,1,102,4,0,
75,1,104,4,0,
75,1,117,4,0,
75,1,118,4,0,
75,1,120,4,0,
75,1,126,4,0,
75,1,153,4,0,
75,1,156,4,0,
75,1,157,4,0,
75,1,164,4,0,
76,1,33,1,1,1
76,1,111,1,1,2
76,1,111,1,11,
76,1,88,1,16,
76,1,120,1,21,
76,1,106,1,29,
76,1,89,1,36,
76,1,153,1,43,
76,1,5,4,0,
76,1,25,4,0,
76,1,34,4,0,
76,1,36,4,0,
76,1,38,4,0,
76,1,63,4,0,
76,1,66,4,0,
76,1,68,4,0,
76,1,69,4,0,
76,1,70,4,0,
76,1,89,4,0,
76,1,90,4,0,
76,1,91,4,0,
76,1,92,4,0,
76,1,99,4,0,
76,1,102,4,0,
76,1,104,4,0,
76,1,117,4,0,
76,1,118,4,0,
76,1,120,4,0,
76,1,126,4,0,
76,1,153,4,0,
76,1,156,4,0,
76,1,157,4,0,
76,1,164,4,0,
77,1,52,1,1,
77,1,39,1,30,
77,1,23,1,32,
77,1,45,1,35,
77,1,83,1,39,
77,1,36,1,43,
77,1,97,1,48,
77,1,32,4,0,
77,1,34,4,0,
77,1,36,4,0,
77,1,38,4,0,
77,1,92,4,0,
77,1,99,4,0,
77,1,102,4,0,
77,1,104,4,0,
77,1,115,4,0,
77,1,117,4,0,
77,1,126,4,0,
77,1,129,4,0,
77,1,130,4,0,
77,1,156,4,0,
77,1,164,4,0,
78,1,23,1,1,3
78,1,39,1,1,2
78,1,45,1,1,4
78,1,52,1,1,1
78,1,39,1,30,
78,1,23,1,32,
78,1,45,1,35,
78,1,83,1,39,
78,1,36,1,47,
78,1,97,1,55,
78,1,32,4,0,
78,1,34,4,0,
78,1,36,4,0,
78,1,38,4,0,
78,1,63,4,0,
78,1,92,4,0,
78,1,99,4,0,
78,1,102,4,0,
78,1,104,4,0,
78,1,115,4,0,
78,1,117,4,0,
78,1,126,4,0,
78,1,129,4,0,
78,1,130,4,0,
78,1,156,4,0,
78,1,164,4,0,
79,1,93,1,1,
79,1,50,1,18,
79,1,29,1,22,
79,1,45,1,27,
79,1,55,1,33,
79,1,133,1,40,
79,1,94,1,48,
79,1,6,4,0,
79,1,34,4,0,
79,1,36,4,0,
79,1,38,4,0,
79,1,55,4,0,
79,1,57,4,0,
79,1,58,4,0,
79,1,59,4,0,
79,1,61,4,0,
79,1,70,4,0,
79,1,86,4,0,
79,1,89,4,0,
79,1,90,4,0,
79,1,91,4,0,
79,1,92,4,0,
79,1,94,4,0,
79,1,99,4,0,
79,1,100,4,0,
79,1,102,4,0,
79,1,104,4,0,
79,1,115,4,0,
79,1,117,4,0,
79,1,126,4,0,
79,1,129,4,0,
79,1,130,4,0,
79,1,148,4,0,
79,1,149,4,0,
79,1,156,4,0,
79,1,161,4,0,
79,1,164,4,0,
80,1,29,1,1,3
80,1,50,1,1,2
80,1,93,1,1,1
80,1,50,1,18,
80,1,29,1,22,
80,1,45,1,27,
80,1,55,1,33,
80,1,110,1,37,
80,1,133,1,44,
80,1,94,1,55,
80,1,5,4,0,
80,1,6,4,0,
80,1,25,4,0,
80,1,34,4,0,
80,1,36,4,0,
80,1,38,4,0,
80,1,55,4,0,
80,1,57,4,0,
80,1,58,4,0,
80,1,59,4,0,
80,1,61,4,0,
80,1,63,4,0,
80,1,66,4,0,
80,1,68,4,0,
80,1,69,4,0,
80,1,70,4,0,
80,1,86,4,0,
80,1,89,4,0,
80,1,90,4,0,
80,1,91,4,0,
80,1,92,4,0,
80,1,94,4,0,
80,1,99,4,0,
80,1,100,4,0,
80,1,102,4,0,
80,1,104,4,0,
80,1,115,4,0,
80,1,117,4,0,
80,1,126,4,0,
80,1,129,4,0,
80,1,130,4,0,
80,1,148,4,0,
80,1,149,4,0,
80,1,156,4,0,
80,1,161,4,0,
80,1,164,4,0,
81,1,33,1,1,
81,1,49,1,21,
81,1,84,1,25,
81,1,48,1,29,
81,1,86,1,35,
81,1,129,1,41,
81,1,103,1,47,
81,1,36,4,0,
81,1,38,4,0,
81,1,85,4,0,
81,1,86,4,0,
81,1,87,4,0,
81,1,92,4,0,
81,1,99,4,0,
81,1,100,4,0,
81,1,102,4,0,
81,1,104,4,0,
81,1,115,4,0,
81,1,117,4,0,
81,1,129,4,0,
81,1,148,4,0,
81,1,156,4,0,
81,1,164,4,0,
82,1,33,1,1,1
82,1,49,1,1,2
82,1,84,1,1,3
82,1,49,1,21,
82,1,84,1,25,
82,1,48,1,29,
82,1,86,1,38,
82,1,129,1,46,
82,1,103,1,54,
82,1,36,4,0,
82,1,38,4,0,
82,1,63,4,0,
82,1,85,4,0,
82,1,86,4,0,
82,1,87,4,0,
82,1,92,4,0,
82,1,99,4,0,
82,1,100,4,0,
82,1,102,4,0,
82,1,104,4,0,
82,1,115,4,0,
82,1,117,4,0,
82,1,129,4,0,
82,1,148,4,0,
82,1,156,4,0,
82,1,164,4,0,
83,1,28,1,1,2
83,1,64,1,1,1
83,1,43,1,7,
83,1,31,1,15,
83,1,14,1,23,
83,1,97,1,31,
83,1,163,1,39,
83,1,13,4,0,
83,1,14,4,0,
83,1,15,4,0,
83,1,18,4,0,
83,1,19,4,0,
83,1,34,4,0,
83,1,36,4,0,
83,1,38,4,0,
83,1,92,4,0,
83,1,99,4,0,
83,1,102,4,0,
83,1,104,4,0,
83,1,115,4,0,
83,1,117,4,0,
83,1,129,4,0,
83,1,130,4,0,
83,1,156,4,0,
83,1,164,4,0,
84,1,64,1,1,
84,1,45,1,20,
84,1,31,1,24,
84,1,65,1,30,
84,1,99,1,36,
84,1,161,1,40,
84,1,97,1,44,
84,1,18,4,0,
84,1,19,4,0,
84,1,34,4,0,
84,1,36,4,0,
84,1,38,4,0,
84,1,92,4,0,
84,1,99,4,0,
84,1,102,4,0,
84,1,104,4,0,
84,1,115,4,0,
84,1,117,4,0,
84,1,130,4,0,
84,1,143,4,0,
84,1,156,4,0,
84,1,161,4,0,
84,1,164,4,0,
85,1,31,1,1,3
85,1,45,1,1,2
85,1,64,1,1,1
85,1,45,1,20,
85,1,31,1,24,
85,1,65,1,30,
85,1,99,1,39,
85,1,161,1,45,
85,1,97,1,51,
85,1,18,4,0,
85,1,19,4,0,
85,1,34,4,0,
85,1,36,4,0,
85,1,38,4,0,
85,1,63,4,0,
85,1,92,4,0,
85,1,99,4,0,
85,1,102,4,0,
85,1,104,4,0,
85,1,115,4,0,
85,1,117,4,0,
85,1,130,4,0,
85,1,143,4,0,
85,1,156,4,0,
85,1,161,4,0,
85,1,164,4,0,
86,1,29,1,1,
86,1,45,1,30,
86,1,62,1,35,
86,1,156,1,40,
86,1,36,1,45,
86,1,58,1,50,
86,1,6,4,0,
86,1,32,4,0,
86,1,34,4,0,
86,1,36,4,0,
86,1,38,4,0,
86,1,55,4,0,
86,1,57,4,0,
86,1,58,4,0,
86,1,59,4,0,
86,1,61,4,0,
86,1,70,4,0,
86,1,92,4,0,
86,1,99,4,0,
86,1,102,4,0,
86,1,104,4,0,
86,1,117,4,0,
86,1,130,4,0,
86,1,156,4,0,
86,1,164,4,0,
87,1,29,1,1,1
87,1,45,1,1,2
87,1,62,1,1,3
87,1,45,1,30,
87,1,62,1,35,
87,1,156,1,44,
87,1,36,1,50,
87,1,58,1,56,
87,1,6,4,0,
87,1,32,4,0,
87,1,34,4,0,
87,1,36,4,0,
87,1,38,4,0,
87,1,55,4,0,
87,1,57,4,0,
87,1,58,4,0,
87,1,59,4,0,
87,1,61,4,0,
87,1,63,4,0,
87,1,70,4,0,
87,1,92,4,0,
87,1,99,4,0,
87,1,102,4,0,
87,1,104,4,0,
87,1,117,4,0,
87,1,130,4,0,
87,1,156,4,0,
87,1,164,4,0,
88,1,1,1,1,1
88,1,50,1,1,2
88,1,139,1,30,
88,1,107,1,33,
88,1,124,1,37,
88,1,106,1,42,
88,1,103,1,48,
88,1,151,1,55,
88,1,34,4,0,
88,1,72,4,0,
88,1,85,4,0,
88,1,87,4,0,
88,1,92,4,0,
88,1,99,4,0,
88,1,102,4,0,
88,1,104,4,0,
88,1,117,4,0,
88,1,120,4,0,
88,1,126,4,0,
88,1,153,4,0,
88,1,156,4,0,
88,1,164,4,0,
89,1,1,1,1,1
89,1,50,1,1,2
89,1,139,1,1,3
89,1,139,1,30,
89,1,107,1,33,
89,1,124,1,37,
89,1,106,1,45,
89,1,103,1,53,
89,1,151,1,60,
89,1,34,4,0,
89,1,63,4,0,
89,1,72,4,0,
89,1,85,4,0,
89,1,87,4,0,
89,1,92,4,0,
89,1,99,4,0,
89,1,102,4,0,
89,1,104,4,0,
89,1,117,4,0,
89,1,120,4,0,
89,1,126,4,0,
89,1,153,4,0,
89,1,156,4,0,
89,1,164,4,0,
90,1,33,1,1,1
90,1,110,1,1,2
90,1,48,1,18,
90,1,128,1,23,
90,1,62,1,30,
90,1,43,1,39,
90,1,58,1,50,
90,1,36,4,0,
90,1,38,4,0,
90,1,55,4,0,
90,1,57,4,0,
90,1,58,4,0,
90,1,59,4,0,
90,1,61,4,0,
90,1,92,4,0,
90,1,99,4,0,
90,1,100,4,0,
90,1,102,4,0,
90,1,104,4,0,
90,1,115,4,0,
90,1,117,4,0,
90,1,120,4,0,
90,1,129,4,0,
90,1,153,4,0,
90,1,156,4,0,
90,1,161,4,0,
90,1,164,4,0,
91,1,48,1,1,2
91,1,62,1,1,4
91,1,110,1,1,1
91,1,128,1,1,3
91,1,131,1,50,
91,1,36,4,0,
91,1,38,4,0,
91,1,55,4,0,
91,1,57,4,0,
91,1,58,4,0,
91,1,59,4,0,
91,1,61,4,0,
91,1,63,4,0,
91,1,92,4,0,
91,1,99,4,0,
91,1,100,4,0,
91,1,102,4,0,
91,1,104,4,0,
91,1,115,4,0,
91,1,117,4,0,
91,1,120,4,0,
91,1,129,4,0,
91,1,153,4,0,
91,1,156,4,0,
91,1,161,4,0,
91,1,164,4,0,
92,1,101,1,1,3
92,1,109,1,1,2
92,1,122,1,1,1
92,1,95,1,27,
92,1,138,1,35,
92,1,72,4,0,
92,1,85,4,0,
92,1,87,4,0,
92,1,92,4,0,
92,1,94,4,0,
92,1,99,4,0,
92,1,102,4,0,
92,1,104,4,0,
92,1,117,4,0,
92,1,120,4,0,
92,1,138,4,0,
92,1,149,4,0,
92,1,153,4,0,
92,1,156,4,0,
92,1,164,4,0,
93,1,101,1,1,3
93,1,109,1,1,2
93,1,122,1,1,1
93,1,95,1,29,
93,1,138,1,38,
93,1,72,4,0,
93,1,85,4,0,
93,1,87,4,0,
93,1,92,4,0,
93,1,94,4,0,
93,1,99,4,0,
93,1,102,4,0,
93,1,104,4,0,
93,1,117,4,0,
93,1,120,4,0,
93,1,138,4,0,
93,1,149,4,0,
93,1,153,4,0,
93,1,156,4,0,
93,1,164,4,0,
94,1,101,1,1,3
94,1,109,1,1,2
94,1,122,1,1,1
94,1,95,1,29,
94,1,138,1,38,
94,1,5,4,0,
94,1,25,4,0,
94,1,34,4,0,
94,1,36,4,0,
94,1,38,4,0,
94,1,63,4,0,
94,1,66,4,0,
94,1,68,4,0,
94,1,69,4,0,
94,1,70,4,0,
94,1,72,4,0,
94,1,85,4,0,
94,1,87,4,0,
94,1,92,4,0,
94,1,94,4,0,
94,1,99,4,0,
94,1,102,4,0,
94,1,104,4,0,
94,1,117,4,0,
94,1,118,4,0,
94,1,120,4,0,
94,1,130,4,0,
94,1,138,4,0,
94,1,149,4,0,
94,1,153,4,0,
94,1,156,4,0,
94,1,164,4,0,
95,1,33,1,1,1
95,1,103,1,1,2
95,1,20,1,15,
95,1,88,1,19,
95,1,99,1,25,
95,1,21,1,33,
95,1,106,1,43,
95,1,34,4,0,
95,1,36,4,0,
95,1,38,4,0,
95,1,70,4,0,
95,1,89,4,0,
95,1,90,4,0,
95,1,91,4,0,
95,1,92,4,0,
95,1,99,4,0,
95,1,102,4,0,
95,1,104,4,0,
95,1,117,4,0,
95,1,120,4,0,
95,1,130,4,0,
95,1,153,4,0,
95,1,156,4,0,
95,1,157,4,0,
95,1,164,4,0,
96,1,1,1,1,1
96,1,95,1,1,2
96,1,50,1,12,
96,1,93,1,17,
96,1,29,1,24,
96,1,139,1,29,
96,1,94,1,32,
96,1,96,1,37,
96,1,5,4,0,
96,1,25,4,0,
96,1,34,4,0,
96,1,36,4,0,
96,1,38,4,0,
96,1,66,4,0,
96,1,68,4,0,
96,1,69,4,0,
96,1,86,4,0,
96,1,92,4,0,
96,1,94,4,0,
96,1,99,4,0,
96,1,100,4,0,
96,1,102,4,0,
96,1,104,4,0,
96,1,115,4,0,
96,1,117,4,0,
96,1,118,4,0,
96,1,130,4,0,
96,1,138,4,0,
96,1,148,4,0,
96,1,149,4,0,
96,1,156,4,0,
96,1,161,4,0,
96,1,164,4,0,
97,1,1,1,1,1
97,1,50,1,1,3
97,1,93,1,1,4
97,1,95,1,1,2
97,1,50,1,12,
97,1,93,1,17,
97,1,29,1,24,
97,1,139,1,33,
97,1,94,1,37,
97,1,96,1,43,
97,1,5,4,0,
97,1,25,4,0,
97,1,34,4,0,
97,1,36,4,0,
97,1,38,4,0,
97,1,63,4,0,
97,1,66,4,0,
97,1,68,4,0,
97,1,69,4,0,
97,1,86,4,0,
97,1,92,4,0,
97,1,94,4,0,
97,1,99,4,0,
97,1,100,4,0,
97,1,102,4,0,
97,1,104,4,0,
97,1,115,4,0,
97,1,117,4,0,
97,1,118,4,0,
97,1,130,4,0,
97,1,138,4,0,
97,1,148,4,0,
97,1,149,4,0,
97,1,156,4,0,
97,1,161,4,0,
97,1,164,4,0,
98,1,43,1,1,2
98,1,145,1,1,1
98,1,11,1,20,
98,1,12,1,25,
98,1,23,1,30,
98,1,152,1,35,
98,1,106,1,40,
98,1,14,4,0,
98,1,15,4,0,
98,1,34,4,0,
98,1,36,4,0,
98,1,38,4,0,
98,1,55,4,0,
98,1,57,4,0,
98,1,58,4,0,
98,1,59,4,0,
98,1,61,4,0,
98,1,70,4,0,
98,1,92,4,0,
98,1,99,4,0,
98,1,102,4,0,
98,1,104,4,0,
98,1,117,4,0,
98,1,156,4,0,
98,1,164,4,0,
99,1,11,1,1,3
99,1,43,1,1,2
99,1,145,1,1,1
99,1,11,1,20,
99,1,12,1,25,
99,1,23,1,34,
99,1,152,1,42,
99,1,106,1,49,
99,1,14,4,0,
99,1,15,4,0,
99,1,34,4,0,
99,1,36,4,0,
99,1,38,4,0,
99,1,55,4,0,
99,1,57,4,0,
99,1,58,4,0,
99,1,59,4,0,
99,1,61,4,0,
99,1,63,4,0,
99,1,70,4,0,
99,1,92,4,0,
99,1,99,4,0,
99,1,102,4,0,
99,1,104,4,0,
99,1,117,4,0,
99,1,156,4,0,
99,1,164,4,0,
100,1,33,1,1,1
100,1,103,1,1,2
100,1,49,1,17,
100,1,120,1,22,
100,1,113,1,29,
100,1,129,1,36,
100,1,153,1,43,
100,1,36,4,0,
100,1,85,4,0,
100,1,86,4,0,
100,1,87,4,0,
100,1,92,4,0,
100,1,99,4,0,
100,1,100,4,0,
100,1,102,4,0,
100,1,104,4,0,
100,1,115,4,0,
100,1,117,4,0,
100,1,120,4,0,
100,1,129,4,0,
100,1,148,4,0,
100,1,153,4,0,
100,1,156,4,0,
100,1,164,4,0,
101,1,33,1,1,1
101,1,49,1,1,3
101,1,103,1,1,2
101,1,49,1,17,
101,1,120,1,22,
101,1,113,1,29,
101,1,129,1,40,
101,1,153,1,50,
101,1,36,4,0,
101,1,63,4,0,
101,1,85,4,0,
101,1,86,4,0,
101,1,87,4,0,
101,1,92,4,0,
101,1,99,4,0,
101,1,100,4,0,
101,1,102,4,0,
101,1,104,4,0,
101,1,115,4,0,
101,1,117,4,0,
101,1,120,4,0,
101,1,129,4,0,
101,1,130,4,0,
101,1,148,4,0,
101,1,153,4,0,
101,1,156,4,0,
101,1,164,4,0,
102,1,95,1,1,2
102,1,140,1,1,1
102,1,115,1,25,
102,1,73,1,28,
102,1,78,1,32,
102,1,77,1,37,
102,1,76,1,42,
102,1,79,1,48,
102,1,36,4,0,
102,1,38,4,0,
102,1,92,4,0,
102,1,94,4,0,
102,1,99,4,0,
102,1,100,4,0,
102,1,102,4,0,
102,1,104,4,0,
102,1,115,4,0,
102,1,117,4,0,
102,1,120,4,0,
102,1,121,4,0,
102,1,149,4,0,
102,1,153,4,0,
102,1,156,4,0,
102,1,164,4,0,
103,1,95,1,1,2
103,1,140,1,1,1
103,1,23,1,28,
103,1,36,4,0,
103,1,38,4,0,
103,1,63,4,0,
103,1,70,4,0,
103,1,72,4,0,
103,1,76,4,0,
103,1,92,4,0,
103,1,94,4,0,
103,1,99,4,0,
103,1,100,4,0,
103,1,102,4,0,
103,1,104,4,0,
103,1,115,4,0,
103,1,117,4,0,
103,1,120,4,0,
103,1,121,4,0,
103,1,149,4,0,
103,1,153,4,0,
103,1,156,4,0,
103,1,164,4,0,
104,1,45,1,1,2
104,1,125,1,1,1
104,1,43,1,25,
104,1,116,1,31,
104,1,37,1,38,
104,1,155,1,43,
104,1,99,1,46,
104,1,5,4,0,
104,1,25,4,0,
104,1,34,4,0,
104,1,36,4,0,
104,1,38,4,0,
104,1,55,4,0,
104,1,58,4,0,
104,1,59,4,0,
104,1,61,4,0,
104,1,66,4,0,
104,1,68,4,0,
104,1,69,4,0,
104,1,70,4,0,
104,1,89,4,0,
104,1,90,4,0,
104,1,91,4,0,
104,1,92,4,0,
104,1,99,4,0,
104,1,102,4,0,
104,1,104,4,0,
104,1,117,4,0,
104,1,126,4,0,
104,1,130,4,0,
104,1,156,4,0,
104,1,164,4,0,
105,1,43,1,1,3
105,1,45,1,1,2
105,1,116,1,1,4
105,1,125,1,1,1
105,1,43,1,25,
105,1,116,1,33,
105,1,37,1,41,
105,1,155,1,48,
105,1,99,1,55,
105,1,5,4,0,
105,1,25,4,0,
105,1,34,4,0,
105,1,36,4,0,
105,1,38,4,0,
105,1,55,4,0,
105,1,58,4,0,
105,1,59,4,0,
105,1,61,4,0,
105,1,63,4,0,
105,1,66,4,0,
105,1,68,4,0,
105,1,69,4,0,
105,1,70,4,0,
105,1,89,4,0,
105,1,90,4,0,
105,1,91,4,0,
105,1,92,4,0,
105,1,99,4,0,
105,1,102,4,0,
105,1,104,4,0,
105,1,117,4,0,
105,1,126,4,0,
105,1,130,4,0,
105,1,156,4,0,
105,1,164,4,0,
106,1,24,1,1,1
106,1,96,1,1,2
106,1,27,1,33,
106,1,26,1,38,
106,1,116,1,43,
106,1,136,1,48,
106,1,25,1,53,
106,1,5,4,0,
106,1,25,4,0,
106,1,34,4,0,
106,1,36,4,0,
106,1,38,4,0,
106,1,66,4,0,
106,1,68,4,0,
106,1,69,4,0,
106,1,70,4,0,
106,1,92,4,0,
106,1,99,4,0,
106,1,102,4,0,
106,1,104,4,0,
106,1,117,4,0,
106,1,118,4,0,
106,1,129,4,0,
106,1,130,4,0,
106,1,156,4,0,
106,1,164,4,0,
107,1,4,1,1,1
107,1,97,1,1,2
107,1,7,1,33,
107,1,8,1,38,
107,1,9,1,43,
107,1,5,1,48,
107,1,68,1,53,
107,1,5,4,0,
107,1,25,4,0,
107,1,34,4,0,
107,1,36,4,0,
107,1,38,4,0,
107,1,66,4,0,
107,1,68,4,0,
107,1,69,4,0,
107,1,70,4,0,
107,1,92,4,0,
107,1,99,4,0,
107,1,102,4,0,
107,1,104,4,0,
107,1,117,4,0,
107,1,118,4,0,
107,1,129,4,0,
107,1,130,4,0,
107,1,156,4,0,
107,1,164,4,0,
108,1,35,1,1,1
108,1,48,1,1,2
108,1,23,1,7,
108,1,50,1,15,
108,1,111,1,23,
108,1,21,1,31,
108,1,103,1,39,
108,1,5,4,0,
108,1,14,4,0,
108,1,15,4,0,
108,1,25,4,0,
108,1,34,4,0,
108,1,36,4,0,
108,1,38,4,0,
108,1,55,4,0,
108,1,57,4,0,
108,1,58,4,0,
108,1,59,4,0,
108,1,61,4,0,
108,1,63,4,0,
108,1,66,4,0,
108,1,68,4,0,
108,1,69,4,0,
108,1,70,4,0,
108,1,85,4,0,
108,1,87,4,0,
108,1,89,4,0,
108,1,90,4,0,
108,1,92,4,0,
108,1,99,4,0,
108,1,102,4,0,
108,1,104,4,0,
108,1,117,4,0,
108,1,126,4,0,
108,1,130,4,0,
108,1,156,4,0,
108,1,164,4,0,
109,1,33,1,1,1
109,1,123,1,1,2
109,1,124,1,32,
109,1,108,1,37,
109,1,120,1,40,
109,1,114,1,45,
109,1,153,1,48,
109,1,85,4,0,
109,1,87,4,0,
109,1,92,4,0,
109,1,99,4,0,
109,1,102,4,0,
109,1,104,4,0,
109,1,117,4,0,
109,1,120,4,0,
109,1,126,4,0,
109,1,153,4,0,
109,1,156,4,0,
109,1,164,4,0,
110,1,33,1,1,1
110,1,123,1,1,2
110,1,124,1,1,3
110,1,124,1,32,
110,1,108,1,39,
110,1,120,1,43,
110,1,114,1,49,
110,1,153,1,53,
110,1,63,4,0,
110,1,85,4,0,
110,1,87,4,0,
110,1,92,4,0,
110,1,99,4,0,
110,1,102,4,0,
110,1,104,4,0,
110,1,117,4,0,
110,1,120,4,0,
110,1,126,4,0,
110,1,153,4,0,
110,1,156,4,0,
110,1,164,4,0,
111,1,30,1,1,
111,1,23,1,30,
111,1,39,1,35,
111,1,31,1,40,
111,1,32,1,45,
111,1,43,1,50,
111,1,36,1,55,
111,1,32,4,0,
111,1,34,4,0,
111,1,36,4,0,
111,1,38,4,0,
111,1,70,4,0,
111,1,85,4,0,
111,1,87,4,0,
111,1,89,4,0,
111,1,90,4,0,
111,1,91,4,0,
111,1,92,4,0,
111,1,99,4,0,
111,1,102,4,0,
111,1,104,4,0,
111,1,117,4,0,
111,1,126,4,0,
111,1,130,4,0,
111,1,156,4,0,
111,1,157,4,0,
111,1,164,4,0,
112,1,23,1,1,2
112,1,30,1,1,1
112,1,31,1,1,4
112,1,39,1,1,3
112,1,23,1,30,
112,1,39,1,35,
112,1,31,1,40,
112,1,32,1,48,
112,1,43,1,55,
112,1,36,1,64,
112,1,5,4,0,
112,1,6,4,0,
112,1,25,4,0,
112,1,32,4,0,
112,1,34,4,0,
112,1,36,4,0,
112,1,38,4,0,
112,1,55,4,0,
112,1,57,4,0,
112,1,58,4,0,
112,1,59,4,0,
112,1,61,4,0,
112,1,63,4,0,
112,1,66,4,0,
112,1,68,4,0,
112,1,69,4,0,
112,1,70,4,0,
112,1,85,4,0,
112,1,87,4,0,
112,1,89,4,0,
112,1,90,4,0,
112,1,91,4,0,
112,1,92,4,0,
112,1,99,4,0,
112,1,102,4,0,
112,1,104,4,0,
112,1,117,4,0,
112,1,126,4,0,
112,1,130,4,0,
112,1,156,4,0,
112,1,157,4,0,
112,1,164,4,0,
113,1,1,1,1,1
113,1,3,1,1,2
113,1,47,1,24,
113,1,45,1,30,
113,1,107,1,38,
113,1,111,1,44,
113,1,113,1,48,
113,1,38,1,54,
113,1,5,4,0,
113,1,25,4,0,
113,1,34,4,0,
113,1,36,4,0,
113,1,38,4,0,
113,1,55,4,0,
113,1,58,4,0,
113,1,59,4,0,
113,1,61,4,0,
113,1,63,4,0,
113,1,66,4,0,
113,1,68,4,0,
113,1,69,4,0,
113,1,70,4,0,
113,1,76,4,0,
113,1,85,4,0,
113,1,86,4,0,
113,1,87,4,0,
113,1,92,4,0,
113,1,94,4,0,
113,1,99,4,0,
113,1,100,4,0,
113,1,102,4,0,
113,1,104,4,0,
113,1,115,4,0,
113,1,117,4,0,
113,1,118,4,0,
113,1,121,4,0,
113,1,126,4,0,
113,1,130,4,0,
113,1,135,4,0,
113,1,148,4,0,
113,1,149,4,0,
113,1,156,4,0,
113,1,161,4,0,
113,1,164,4,0,
114,1,20,1,1,2
114,1,132,1,1,1
114,1,71,1,29,
114,1,77,1,32,
114,1,78,1,36,
114,1,79,1,39,
114,1,21,1,45,
114,1,74,1,49,
114,1,14,4,0,
114,1,15,4,0,
114,1,34,4,0,
114,1,36,4,0,
114,1,38,4,0,
114,1,63,4,0,
114,1,72,4,0,
114,1,76,4,0,
114,1,92,4,0,
114,1,99,4,0,
114,1,102,4,0,
114,1,104,4,0,
114,1,117,4,0,
114,1,130,4,0,
114,1,156,4,0,
114,1,164,4,0,
115,1,4,1,1,1
115,1,99,1,1,2
115,1,44,1,26,
115,1,39,1,31,
115,1,5,1,36,
115,1,43,1,41,
115,1,146,1,46,
115,1,5,4,0,
115,1,25,4,0,
115,1,34,4,0,
115,1,36,4,0,
115,1,38,4,0,
115,1,55,4,0,
115,1,57,4,0,
115,1,58,4,0,
115,1,59,4,0,
115,1,61,4,0,
115,1,63,4,0,
115,1,66,4,0,
115,1,68,4,0,
115,1,69,4,0,
115,1,70,4,0,
115,1,85,4,0,
115,1,87,4,0,
115,1,89,4,0,
115,1,90,4,0,
115,1,92,4,0,
115,1,99,4,0,
115,1,102,4,0,
115,1,104,4,0,
115,1,117,4,0,
115,1,126,4,0,
115,1,130,4,0,
115,1,156,4,0,
115,1,157,4,0,
115,1,164,4,0,
116,1,145,1,1,
116,1,108,1,19,
116,1,43,1,24,
116,1,55,1,30,
116,1,97,1,37,
116,1,56,1,45,
116,1,36,4,0,
116,1,38,4,0,
116,1,55,4,0,
116,1,57,4,0,
116,1,58,4,0,
116,1,59,4,0,
116,1,61,4,0,
116,1,92,4,0,
116,1,99,4,0,
116,1,102,4,0,
116,1,104,4,0,
116,1,117,4,0,
116,1,129,4,0,
116,1,130,4,0,
116,1,156,4,0,
116,1,164,4,0,
117,1,108,1,1,2
117,1,145,1,1,1
117,1,108,1,19,
117,1,43,1,24,
117,1,55,1,30,
117,1,97,1,41,
117,1,56,1,52,
117,1,36,4,0,
117,1,38,4,0,
117,1,55,4,0,
117,1,57,4,0,
117,1,58,4,0,
117,1,59,4,0,
117,1,61,4,0,
117,1,63,4,0,
117,1,92,4,0,
117,1,99,4,0,
117,1,102,4,0,
117,1,104,4,0,
117,1,117,4,0,
117,1,129,4,0,
117,1,130,4,0,
117,1,156,4,0,
117,1,164,4,0,
118,1,39,1,1,2
118,1,64,1,1,1
118,1,48,1,19,
118,1,30,1,24,
118,1,31,1,30,
118,1,127,1,37,
118,1,32,1,45,
118,1,97,1,54,
118,1,32,4,0,
118,1,36,4,0,
118,1,38,4,0,
118,1,55,4,0,
118,1,57,4,0,
118,1,58,4,0,
118,1,59,4,0,
118,1,61,4,0,
118,1,92,4,0,
118,1,99,4,0,
118,1,102,4,0,
118,1,104,4,0,
118,1,117,4,0,
118,1,129,4,0,
118,1,130,4,0,
118,1,156,4,0,
118,1,164,4,0,
119,1,39,1,1,2
119,1,48,1,1,3
119,1,64,1,1,1
119,1,48,1,19,
119,1,30,1,24,
119,1,31,1,30,
119,1,127,1,39,
119,1,32,1,48,
119,1,97,1,54,
119,1,32,4,0,
119,1,36,4,0,
119,1,38,4,0,
119,1,55,4,0,
119,1,57,4,0,
119,1,58,4,0,
119,1,59,4,0,
119,1,61,4,0,
119,1,63,4,0,
119,1,92,4,0,
119,1,99,4,0,
119,1,102,4,0,
119,1,104,4,0,
119,1,117,4,0,
119,1,129,4,0,
119,1,130,4,0,
119,1,156,4,0,
119,1,164,4,0,
120,1,33,1,1,
120,1,55,1,17,
120,1,106,1,22,
120,1,105,1,27,
120,1,129,1,32,
120,1,107,1,37,
120,1,113,1,42,
120,1,56,1,47,
120,1,36,4,0,
120,1,38,4,0,
120,1,55,4,0,
120,1,57,4,0,
120,1,58,4,0,
120,1,59,4,0,
120,1,61,4,0,
120,1,85,4,0,
120,1,86,4,0,
120,1,87,4,0,
120,1,92,4,0,
120,1,94,4,0,
120,1,99,4,0,
120,1,100,4,0,
120,1,102,4,0,
120,1,104,4,0,
120,1,115,4,0,
120,1,117,4,0,
120,1,129,4,0,
120,1,130,4,0,
120,1,148,4,0,
120,1,149,4,0,
120,1,156,4,0,
120,1,161,4,0,
120,1,164,4,0,
121,1,33,1,1,1
121,1,55,1,1,2
121,1,106,1,1,3
121,1,36,4,0,
121,1,38,4,0,
121,1,55,4,0,
121,1,57,4,0,
121,1,58,4,0,
121,1,59,4,0,
121,1,61,4,0,
121,1,63,4,0,
121,1,85,4,0,
121,1,86,4,0,
121,1,87,4,0,
121,1,92,4,0,
121,1,94,4,0,
121,1,99,4,0,
121,1,100,4,0,
121,1,102,4,0,
121,1,104,4,0,
121,1,115,4,0,
121,1,117,4,0,
121,1,129,4,0,
121,1,130,4,0,
121,1,148,4,0,
121,1,149,4,0,
121,1,156,4,0,
121,1,161,4,0,
121,1,164,4,0,
122,1,93,1,1,1
122,1,112,1,1,2
122,1,93,1,15,
122,1,113,1,23,
122,1,3,1,31,
122,1,96,1,39,
122,1,164,1,47,
122,1,5,4,0,
122,1,25,4,0,
122,1,34,4,0,
122,1,36,4,0,
122,1,38,4,0,
122,1,63,4,0,
122,1,66,4,0,
122,1,68,4,0,
122,1,69,4,0,
122,1,76,4,0,
122,1,85,4,0,
122,1,86,4,0,
122,1,87,4,0,
122,1,92,4,0,
122,1,94,4,0,
122,1,99,4,0,
122,1,100,4,0,
122,1,102,4,0,
122,1,104,4,0,
122,1,115,4,0,
122,1,117,4,0,
122,1,118,4,0,
122,1,130,4,0,
122,1,148,4,0,
122,1,149,4,0,
122,1,156,4,0,
122,1,164,4,0,
123,1,98,1,1,
123,1,43,1,17,
123,1,116,1,20,
123,1,104,1,24,
123,1,163,1,29,
123,1,14,1,35,
123,1,97,1,42,
123,1,14,4,0,
123,1,15,4,0,
123,1,36,4,0,
123,1,38,4,0,
123,1,63,4,0,
123,1,92,4,0,
123,1,99,4,0,
123,1,102,4,0,
123,1,104,4,0,
123,1,117,4,0,
123,1,129,4,0,
123,1,130,4,0,
123,1,156,4,0,
123,1,164,4,0,
124,1,1,1,1,1
124,1,142,1,1,2
124,1,122,1,18,
124,1,3,1,23,
124,1,8,1,31,
124,1,34,1,39,
124,1,37,1,47,
124,1,59,1,58,
124,1,5,4,0,
124,1,25,4,0,
124,1,34,4,0,
124,1,36,4,0,
124,1,38,4,0,
124,1,55,4,0,
124,1,58,4,0,
124,1,59,4,0,
124,1,61,4,0,
124,1,63,4,0,
124,1,66,4,0,
124,1,68,4,0,
124,1,69,4,0,
124,1,92,4,0,
124,1,94,4,0,
124,1,99,4,0,
124,1,100,4,0,
124,1,102,4,0,
124,1,104,4,0,
124,1,115,4,0,
124,1,117,4,0,
124,1,118,4,0,
124,1,130,4,0,
124,1,149,4,0,
124,1,156,4,0,
124,1,164,4,0,
125,1,43,1,1,2
125,1,98,1,1,1
125,1,84,1,34,
125,1,103,1,37,
125,1,9,1,42,
125,1,113,1,49,
125,1,87,1,54,
125,1,5,4,0,
125,1,25,4,0,
125,1,34,4,0,
125,1,36,4,0,
125,1,38,4,0,
125,1,63,4,0,
125,1,66,4,0,
125,1,68,4,0,
125,1,69,4,0,
125,1,70,4,0,
125,1,85,4,0,
125,1,86,4,0,
125,1,87,4,0,
125,1,92,4,0,
125,1,94,4,0,
125,1,99,4,0,
125,1,100,4,0,
125,1,102,4,0,
125,1,104,4,0,
125,1,115,4,0,
125,1,117,4,0,
125,1,118,4,0,
125,1,129,4,0,
125,1,130,4,0,
125,1,148,4,0,
125,1,149,4,0,
125,1,156,4,0,
125,1,164,4,0,
126,1,52,1,1,
126,1,43,1,36,
126,1,109,1,39,
126,1,7,1,43,
126,1,108,1,48,
126,1,123,1,52,
126,1,53,1,55,
126,1,5,4,0,
126,1,25,4,0,
126,1,34,4,0,
126,1,36,4,0,
126,1,38,4,0,
126,1,63,4,0,
126,1,66,4,0,
126,1,68,4,0,
126,1,69,4,0,
126,1,70,4,0,
126,1,92,4,0,
126,1,94,4,0,
126,1,99,4,0,
126,1,100,4,0,
126,1,102,4,0,
126,1,104,4,0,
126,1,117,4,0,
126,1,118,4,0,
126,1,126,4,0,
126,1,130,4,0,
126,1,149,4,0,
126,1,156,4,0,
126,1,164,4,0,
127,1,11,1,1,
127,1,69,1,25,
127,1,12,1,30,
127,1,116,1,36,
127,1,106,1,43,
127,1,163,1,49,
127,1,14,1,54,
127,1,14,4,0,
127,1,15,4,0,
127,1,34,4,0,
127,1,36,4,0,
127,1,38,4,0,
127,1,63,4,0,
127,1,66,4,0,
127,1,69,4,0,
127,1,70,4,0,
127,1,92,4,0,
127,1,99,4,0,
127,1,102,4,0,
127,1,104,4,0,
127,1,117,4,0,
127,1,156,4,0,
127,1,164,4,0,
128,1,33,1,1,
128,1,23,1,21,
128,1,39,1,28,
128,1,43,1,35,
128,1,99,1,44,
128,1,36,1,51,
128,1,32,4,0,
128,1,34,4,0,
128,1,36,4,0,
128,1,38,4,0,
128,1,58,4,0,
128,1,59,4,0,
128,1,63,4,0,
128,1,70,4,0,
128,1,85,4,0,
128,1,87,4,0,
128,1,89,4,0,
128,1,90,4,0,
128,1,92,4,0,
128,1,99,4,0,
128,1,102,4,0,
128,1,104,4,0,
128,1,117,4,0,
128,1,126,4,0,
128,1,130,4,0,
128,1,156,4,0,
128,1,164,4,0,
129,1,150,1,1,
129,1,33,1,15,
130,1,43,1,1,3
130,1,44,1,1,1
130,1,56,1,1,4
130,1,82,1,1,2
130,1,44,1,20,
130,1,82,1,25,
130,1,43,1,32,
130,1,56,1,41,
130,1,63,1,52,
130,1,34,4,0,
130,1,36,4,0,
130,1,38,4,0,
130,1,55,4,0,
130,1,57,4,0,
130,1,58,4,0,
130,1,59,4,0,
130,1,61,4,0,
130,1,63,4,0,
130,1,70,4,0,
130,1,82,4,0,
130,1,85,4,0,
130,1,87,4,0,
130,1,92,4,0,
130,1,99,4,0,
130,1,102,4,0,
130,1,104,4,0,
130,1,115,4,0,
130,1,117,4,0,
130,1,126,4,0,
130,1,130,4,0,
130,1,156,4,0,
130,1,164,4,0,
131,1,45,1,1,2
131,1,55,1,1,1
131,1,47,1,16,
131,1,54,1,20,
131,1,34,1,25,
131,1,109,1,31,
131,1,58,1,38,
131,1,56,1,46,
131,1,32,4,0,
131,1,34,4,0,
131,1,36,4,0,
131,1,38,4,0,
131,1,55,4,0,
131,1,57,4,0,
131,1,58,4,0,
131,1,59,4,0,
131,1,61,4,0,
131,1,63,4,0,
131,1,70,4,0,
131,1,76,4,0,
131,1,82,4,0,
131,1,85,4,0,
131,1,87,4,0,
131,1,92,4,0,
131,1,94,4,0,
131,1,99,4,0,
131,1,102,4,0,
131,1,104,4,0,
131,1,115,4,0,
131,1,117,4,0,
131,1,130,4,0,
131,1,149,4,0,
131,1,156,4,0,
131,1,164,4,0,
132,1,144,1,1,
133,1,28,1,1,2
133,1,33,1,1,1
133,1,98,1,27,
133,1,39,1,31,
133,1,44,1,37,
133,1,36,1,45,
133,1,34,4,0,
133,1,36,4,0,
133,1,38,4,0,
133,1,92,4,0,
133,1,99,4,0,
133,1,102,4,0,
133,1,104,4,0,
133,1,115,4,0,
133,1,117,4,0,
133,1,129,4,0,
133,1,130,4,0,
133,1,156,4,0,
133,1,164,4,0,
134,1,28,1,1,2
134,1,33,1,1,1
134,1,55,1,1,4
134,1,98,1,1,3
134,1,98,1,27,
134,1,55,1,31,
134,1,39,1,37,
134,1,44,1,40,
134,1,151,1,42,
134,1,114,1,44,
134,1,54,1,48,
134,1,56,1,54,
134,1,34,4,0,
134,1,36,4,0,
134,1,38,4,0,
134,1,55,4,0,
134,1,57,4,0,
134,1,58,4,0,
134,1,59,4,0,
134,1,61,4,0,
134,1,63,4,0,
134,1,92,4,0,
134,1,99,4,0,
134,1,102,4,0,
134,1,104,4,0,
134,1,115,4,0,
134,1,117,4,0,
134,1,129,4,0,
134,1,130,4,0,
134,1,156,4,0,
134,1,164,4,0,
135,1,28,1,1,2
135,1,33,1,1,1
135,1,84,1,1,4
135,1,98,1,1,3
135,1,98,1,27,
135,1,84,1,31,
135,1,39,1,37,
135,1,86,1,40,
135,1,24,1,42,
135,1,97,1,44,
135,1,42,1,48,
135,1,87,1,54,
135,1,34,4,0,
135,1,36,4,0,
135,1,38,4,0,
135,1,63,4,0,
135,1,85,4,0,
135,1,86,4,0,
135,1,87,4,0,
135,1,92,4,0,
135,1,99,4,0,
135,1,102,4,0,
135,1,104,4,0,
135,1,115,4,0,
135,1,117,4,0,
135,1,129,4,0,
135,1,130,4,0,
135,1,148,4,0,
135,1,156,4,0,
135,1,164,4,0,
136,1,28,1,1,2
136,1,33,1,1,1
136,1,52,1,1,4
136,1,98,1,1,3
136,1,98,1,27,
136,1,52,1,31,
136,1,39,1,37,
136,1,44,1,40,
136,1,43,1,42,
136,1,83,1,44,
136,1,99,1,48,
136,1,53,1,54,
136,1,34,4,0,
136,1,36,4,0,
136,1,38,4,0,
136,1,63,4,0,
136,1,92,4,0,
136,1,99,4,0,
136,1,102,4,0,
136,1,104,4,0,
136,1,115,4,0,
136,1,117,4,0,
136,1,126,4,0,
136,1,129,4,0,
136,1,130,4,0,
136,1,156,4,0,
136,1,164,4,0,
137,1,33,1,1,1
137,1,159,1,1,2
137,1,160,1,1,3
137,1,60,1,23,
137,1,105,1,28,
137,1,97,1,35,
137,1,161,1,42,
137,1,36,4,0,
137,1,38,4,0,
137,1,58,4,0,
137,1,59,4,0,
137,1,63,4,0,
137,1,85,4,0,
137,1,86,4,0,
137,1,87,4,0,
137,1,92,4,0,
137,1,94,4,0,
137,1,99,4,0,
137,1,100,4,0,
137,1,102,4,0,
137,1,104,4,0,
137,1,115,4,0,
137,1,117,4,0,
137,1,129,4,0,
137,1,130,4,0,
137,1,148,4,0,
137,1,149,4,0,
137,1,156,4,0,
137,1,161,4,0,
137,1,164,4,0,
138,1,55,1,1,1
138,1,110,1,1,2
138,1,30,1,34,
138,1,43,1,39,
138,1,131,1,46,
138,1,56,1,53,
138,1,34,4,0,
138,1,36,4,0,
138,1,38,4,0,
138,1,55,4,0,
138,1,57,4,0,
138,1,58,4,0,
138,1,59,4,0,
138,1,61,4,0,
138,1,92,4,0,
138,1,99,4,0,
138,1,102,4,0,
138,1,104,4,0,
138,1,115,4,0,
138,1,117,4,0,
138,1,156,4,0,
138,1,164,4,0,
139,1,30,1,1,3
139,1,55,1,1,1
139,1,110,1,1,2
139,1,30,1,34,
139,1,43,1,39,
139,1,131,1,44,
139,1,56,1,49,
139,1,32,4,0,
139,1,34,4,0,
139,1,36,4,0,
139,1,38,4,0,
139,1,55,4,0,
139,1,57,4,0,
139,1,58,4,0,
139,1,59,4,0,
139,1,61,4,0,
139,1,63,4,0,
139,1,66,4,0,
139,1,69,4,0,
139,1,92,4,0,
139,1,99,4,0,
139,1,102,4,0,
139,1,104,4,0,
139,1,115,4,0,
139,1,117,4,0,
139,1,130,4,0,
139,1,156,4,0,
139,1,164,4,0,
140,1,10,1,1,1
140,1,106,1,1,2
140,1,71,1,34,
140,1,163,1,39,
140,1,43,1,44,
140,1,56,1,49,
140,1,34,4,0,
140,1,36,4,0,
140,1,38,4,0,
140,1,55,4,0,
140,1,57,4,0,
140,1,58,4,0,
140,1,59,4,0,
140,1,61,4,0,
140,1,92,4,0,
140,1,99,4,0,
140,1,102,4,0,
140,1,104,4,0,
140,1,115,4,0,
140,1,117,4,0,
140,1,156,4,0,
140,1,164,4,0,
141,1,10,1,1,1
141,1,71,1,1,3
141,1,106,1,1,2
141,1,71,1,34,
141,1,163,1,39,
141,1,43,1,46,
141,1,56,1,53,
141,1,13,4,0,
141,1,14,4,0,
141,1,25,4,0,
141,1,34,4,0,
141,1,36,4,0,
141,1,38,4,0,
141,1,55,4,0,
141,1,57,4,0,
141,1,58,4,0,
141,1,59,4,0,
141,1,61,4,0,
141,1,63,4,0,
141,1,66,4,0,
141,1,69,4,0,
141,1,92,4,0,
141,1,99,4,0,
141,1,102,4,0,
141,1,104,4,0,
141,1,115,4,0,
141,1,117,4,0,
141,1,130,4,0,
141,1,156,4,0,
141,1,164,4,0,
142,1,17,1,1,1
142,1,97,1,1,2
142,1,48,1,33,
142,1,44,1,38,
142,1,36,1,45,
142,1,63,1,54,
142,1,13,4,0,
142,1,18,4,0,
142,1,19,4,0,
142,1,36,4,0,
142,1,38,4,0,
142,1,63,4,0,
142,1,82,4,0,
142,1,92,4,0,
142,1,99,4,0,
142,1,102,4,0,
142,1,104,4,0,
142,1,115,4,0,
142,1,117,4,0,
142,1,126,4,0,
142,1,129,4,0,
142,1,143,4,0,
142,1,156,4,0,
142,1,164,4,0,
143,1,29,1,1,1
143,1,133,1,1,2
143,1,156,1,1,3
143,1,34,1,35,
143,1,106,1,41,
143,1,38,1,48,
143,1,63,1,56,
143,1,5,4,0,
143,1,6,4,0,
143,1,25,4,0,
143,1,34,4,0,
143,1,36,4,0,
143,1,38,4,0,
143,1,55,4,0,
143,1,57,4,0,
143,1,58,4,0,
143,1,59,4,0,
143,1,61,4,0,
143,1,63,4,0,
143,1,66,4,0,
143,1,68,4,0,
143,1,69,4,0,
143,1,70,4,0,
143,1,76,4,0,
143,1,85,4,0,
143,1,87,4,0,
143,1,89,4,0,
143,1,90,4,0,
143,1,92,4,0,
143,1,94,4,0,
143,1,99,4,0,
143,1,102,4,0,
143,1,104,4,0,
143,1,115,4,0,
143,1,117,4,0,
143,1,118,4,0,
143,1,120,4,0,
143,1,126,4,0,
143,1,130,4,0,
143,1,149,4,0,
143,1,156,4,0,
143,1,157,4,0,
143,1,164,4,0,
144,1,58,1,1,2
144,1,64,1,1,1
144,1,59,1,51,
144,1,97,1,55,
144,1,54,1,60,
144,1,13,4,0,
144,1,18,4,0,
144,1,19,4,0,
144,1,36,4,0,
144,1,38,4,0,
144,1,55,4,0,
144,1,58,4,0,
144,1,59,4,0,
144,1,61,4,0,
144,1,63,4,0,
144,1,92,4,0,
144,1,99,4,0,
144,1,102,4,0,
144,1,104,4,0,
144,1,115,4,0,
144,1,117,4,0,
144,1,129,4,0,
144,1,143,4,0,
144,1,156,4,0,
144,1,164,4,0,
145,1,65,1,1,2
145,1,84,1,1,1
145,1,87,1,51,
145,1,97,1,55,
145,1,113,1,60,
145,1,13,4,0,
145,1,18,4,0,
145,1,19,4,0,
145,1,36,4,0,
145,1,38,4,0,
145,1,63,4,0,
145,1,85,4,0,
145,1,86,4,0,
145,1,87,4,0,
145,1,92,4,0,
145,1,99,4,0,
145,1,102,4,0,
145,1,104,4,0,
145,1,115,4,0,
145,1,117,4,0,
145,1,129,4,0,
145,1,143,4,0,
145,1,148,4,0,
145,1,156,4,0,
145,1,164,4,0,
146,1,64,1,1,1
146,1,83,1,1,2
146,1,43,1,51,
146,1,97,1,55,
146,1,143,1,60,
146,1,13,4,0,
146,1,18,4,0,
146,1,19,4,0,
146,1,36,4,0,
146,1,38,4,0,
146,1,63,4,0,
146,1,92,4,0,
146,1,99,4,0,
146,1,102,4,0,
146,1,104,4,0,
146,1,115,4,0,
146,1,117,4,0,
146,1,126,4,0,
146,1,129,4,0,
146,1,143,4,0,
146,1,156,4,0,
146,1,164,4,0,
147,1,35,1,1,1
147,1,43,1,1,2
147,1,86,1,10,
147,1,97,1,20,
147,1,21,1,30,
147,1,82,1,40,
147,1,63,1,50,
147,1,34,4,0,
147,1,36,4,0,
147,1,38,4,0,
147,1,55,4,0,
147,1,57,4,0,
147,1,58,4,0,
147,1,59,4,0,
147,1,61,4,0,
147,1,82,4,0,
147,1,85,4,0,
147,1,86,4,0,
147,1,87,4,0,
147,1,92,4,0,
147,1,99,4,0,
147,1,102,4,0,
147,1,104,4,0,
147,1,115,4,0,
147,1,117,4,0,
147,1,126,4,0,
147,1,129,4,0,
147,1,130,4,0,
147,1,156,4,0,
147,1,164,4,0,
148,1,35,1,1,1
148,1,43,1,1,2
148,1,86,1,1,3
148,1,86,1,10,
148,1,97,1,20,
148,1,21,1,35,
148,1,82,1,45,
148,1,63,1,55,
148,1,32,4,0,
148,1,34,4,0,
148,1,36,4,0,
148,1,38,4,0,
148,1,55,4,0,
148,1,57,4,0,
148,1,58,4,0,
148,1,59,4,0,
148,1,61,4,0,
148,1,82,4,0,
148,1,85,4,0,
148,1,86,4,0,
148,1,87,4,0,
148,1,92,4,0,
148,1,99,4,0,
148,1,102,4,0,
148,1,104,4,0,
148,1,115,4,0,
148,1,117,4,0,
148,1,126,4,0,
148,1,129,4,0,
148,1,130,4,0,
148,1,156,4,0,
148,1,164,4,0,
149,1,35,1,1,1
149,1,43,1,1,2
149,1,86,1,1,3
149,1,97,1,1,4
149,1,86,1,10,
149,1,97,1,20,
149,1,21,1,35,
149,1,82,1,45,
149,1,63,1,60,
149,1,13,4,0,
149,1,32,4,0,
149,1,34,4,0,
149,1,36,4,0,
149,1,38,4,0,
149,1,55,4,0,
149,1,57,4,0,
149,1,58,4,0,
149,1,59,4,0,
149,1,61,4,0,
149,1,63,4,0,
149,1,70,4,0,
149,1,82,4,0,
149,1,85,4,0,
149,1,86,4,0,
149,1,87,4,0,
149,1,92,4,0,
149,1,99,4,0,
149,1,102,4,0,
149,1,104,4,0,
149,1,115,4,0,
149,1,117,4,0,
149,1,126,4,0,
149,1,129,4,0,
149,1,130,4,0,
149,1,156,4,0,
149,1,164,4,0,
150,1,50,1,1,2
150,1,93,1,1,1
150,1,94,1,1,4
150,1,129,1,1,3
150,1,112,1,63,
150,1,94,1,66,
150,1,105,1,70,
150,1,54,1,75,
150,1,133,1,81,
150,1,5,4,0,
150,1,6,4,0,
150,1,25,4,0,
150,1,34,4,0,
150,1,36,4,0,
150,1,38,4,0,
150,1,55,4,0,
150,1,58,4,0,
150,1,59,4,0,
150,1,61,4,0,
150,1,63,4,0,
150,1,66,4,0,
150,1,68,4,0,
150,1,69,4,0,
150,1,70,4,0,
150,1,76,4,0,
150,1,85,4,0,
150,1,86,4,0,
150,1,87,4,0,
150,1,92,4,0,
150,1,94,4,0,
150,1,99,4,0,
150,1,100,4,0,
150,1,102,4,0,
150,1,104,4,0,
150,1,115,4,0,
150,1,117,4,0,
150,1,118,4,0,
150,1,120,4,0,
150,1,126,4,0,
150,1,130,4,0,
150,1,148,4,0,
150,1,149,4,0,
150,1,156,4,0,
150,1,161,4,0,
150,1,164,4,0,
151,1,1,1,1,
151,1,144,1,10,
151,1,5,1,20,
151,1,118,1,30,
151,1,94,1,40,
151,1,5,4,0,
151,1,6,4,0,
151,1,13,4,0,
151,1,14,4,0,
151,1,15,4,0,
151,1,18,4,0,
151,1,19,4,0,
151,1,25,4,0,
151,1,32,4,0,
151,1,34,4,0,
151,1,36,4,0,
151,1,38,4,0,
151,1,55,4,0,
151,1,57,4,0,
151,1,58,4,0,
151,1,59,4,0,
151,1,61,4,0,
151,1,63,4,0,
151,1,66,4,0,
151,1,68,4,0,
151,1,69,4,0,
151,1,70,4,0,
151,1,72,4,0,
151,1,76,4,0,
151,1,82,4,0,
151,1,85,4,0,
151,1,86,4,0,
151,1,87,4,0,
151,1,89,4,0,
151,1,90,4,0,
151,1,91,4,0,
151,1,92,4,0,
151,1,94,4,0,
151,1,99,4,0,
151,1,100,4,0,
151,1,102,4,0,
151,1,104,4,0,
151,1,115,4,0,
151,1,117,4,0,
151,1,118,4,0,
151,1,120,4,0,
151,1,121,4,0,
151,1,126,4,0,
151,1,129,4,0,
151,1,130,4,0,
151,1,135,4,0,
151,1,138,4,0,
151,1,143,4,0,
151,1,148,4,0,
151,1,149,4,0,
151,1,153,4,0,
151,1,156,4,0,
151,1,157,4,0,
151,1,161,4,0,
151,1,164,4,0,
